{
    "role_1": "Physicist_RoleType.ASSISTANT",
    "topic;": "Quantum mechanics",
    "sub_topic": "The quantum Hall effect",
    "message_1": "\"What is the relationship between the magnetic field strength and the quantized Hall resistance in the Quantum Hall Effect?\"",
    "message_2": "The relationship between the magnetic field strength (B) and the quantized Hall resistance (R_H) in the Quantum Hall Effect can be described using the following equation:\n\nR_H = h / (e^2 * ν)\n\nHere,\n- R_H is the quantized Hall resistance\n- h is the Planck's constant (approximately 6.626 x 10^-34 Js)\n- e is the elementary charge (approximately 1.602 x 10^-19 C)\n- ν is the Landau level filling factor, which is a dimensionless integer that represents the number of completely filled Landau levels in the system\n\nThe Quantum Hall Effect occurs in two-dimensional electron systems under strong magnetic fields and low temperatures. In this phenomenon, the Hall resistance becomes quantized, taking on discrete values that are integer or fractional multiples of h/e^2. The Landau level filling factor (ν) is directly related to the magnetic field strength (B) and the electron density (n) in the system:\n\nν = n * (h / e) / B\n\nAs the magnetic field strength increases, the Landau level filling factor changes, leading to different quantized values of the Hall resistance. Therefore, the magnetic field strength has a direct impact on the quantized Hall resistance in the Quantum Hall Effect."
}