{
    "role_1": "Physicist_RoleType.ASSISTANT",
    "topic;": "Quantum mechanics",
    "sub_topic": "The quantum computing and quantum algorithms",
    "message_1": "What is the minimum number of qubits required to implement the Grover's algorithm to search an unsorted database of 256 items with a success probability of at least 90%? Show the detailed calculation.",
    "message_2": "Grover's algorithm is a quantum algorithm that searches an unsorted database of N items in O(√N) time. To achieve a success probability of at least 90%, we need to determine the number of iterations required and the number of qubits needed to represent the database.\n\n1. Number of iterations for 90% success probability:\n\nThe success probability of Grover's algorithm after k iterations is given by:\n\nP(success) = sin^2((2k + 1)θ),\n\nwhere θ = arcsin(1/√N).\n\nFor a 90% success probability, we have:\n\n0.9 = sin^2((2k + 1)θ)\n\nTaking the square root of both sides:\n\n√0.9 = sin((2k + 1)θ)\n\nNow, we need to find the value of k that satisfies this equation. Since we know that N = 256, we can find θ:\n\nθ = arcsin(1/√256) = arcsin(1/16)\n\nUsing the arcsin(1/16) value, we can numerically find the smallest integer value of k that satisfies the equation:\n\n√0.9 ≈ sin((2k + 1) * arcsin(1/16))\n\nk ≈ 3.97\n\nSince k must be an integer, we round up to the nearest integer:\n\nk = 4\n\n2. Number of qubits required:\n\nTo represent a database of 256 items, we need enough qubits to represent all possible states. The number of states that can be represented by n qubits is 2^n. Therefore, we need to find the smallest integer n such that:\n\n2^n ≥ 256\n\nn = log2(256) = 8\n\nSo, the minimum number of qubits required to implement Grover's algorithm for a database of 256 items with a success probability of at least 90% is 8 qubits."
}