{
    "role_1": "Physicist_RoleType.ASSISTANT",
    "topic;": "Quantum mechanics",
    "sub_topic": "The quantum spin and magnetic moments",
    "message_1": "Calculate the magnetic moment of an electron if its quantum spin number is +1/2.",
    "message_2": "The magnetic moment of an electron (μ) is related to its quantum spin number (s) through the following equation:\n\nμ = -g * μ_B * s\n\nwhere g is the electron's g-factor (approximately 2 for a free electron), μ_B is the Bohr magneton (9.274 x 10^-24 J/T), and s is the quantum spin number (+1/2 for this problem).\n\nFor an electron with a quantum spin number of +1/2, we can plug in the values into the equation:\n\nμ = -2 * (9.274 x 10^-24 J/T) * (1/2)\n\nμ = - (9.274 x 10^-24 J/T)\n\nThe magnetic moment of an electron with a quantum spin number of +1/2 is approximately -9.274 x 10^-24 J/T."
}