{
    "role_1": "Physicist_RoleType.ASSISTANT",
    "topic;": "Quantum mechanics",
    "sub_topic": "The hydrogen atom and its energy levels",
    "message_1": "What is the energy required to ionize a hydrogen atom from its ground state?",
    "message_2": "To ionize a hydrogen atom from its ground state, we need to provide enough energy to remove the electron from the atom. The energy required to do this is equal to the ionization energy of the hydrogen atom.\n\nThe ionization energy of hydrogen can be calculated using the Rydberg formula:\n\nE = -13.6 eV * (Z^2 / n^2)\n\nwhere E is the ionization energy, Z is the atomic number (1 for hydrogen), and n is the principal quantum number (1 for the ground state).\n\nFor hydrogen in its ground state (n = 1), the ionization energy is:\n\nE = -13.6 eV * (1^2 / 1^2) = -13.6 eV\n\nThe energy required to ionize the hydrogen atom is the absolute value of this energy:\n\nE_required = |-13.6 eV| = 13.6 eV\n\nSo, the energy required to ionize a hydrogen atom from its ground state is 13.6 electron volts (eV)."
}