{
    "role_1": "Physicist_RoleType.ASSISTANT",
    "topic;": "Quantum mechanics",
    "sub_topic": "The quantum spin and magnetic moments",
    "message_1": "What is the magnetic moment of an electron with spin up in a magnetic field of 0.6 T, and how does it change if its spin is flipped?",
    "message_2": "The magnetic moment of an electron (μ) is related to its spin (S) by the following equation:\n\nμ = -g * μ_B * S\n\nwhere g is the electron's g-factor (approximately 2 for a free electron), μ_B is the Bohr magneton (9.274 x 10^-24 J/T), and S is the spin quantum number.\n\nFor an electron with spin up, the spin quantum number S = +1/2. Therefore, the magnetic moment of an electron with spin up is:\n\nμ = -2 * (9.274 x 10^-24 J/T) * (+1/2)\nμ = -9.274 x 10^-24 J/T\n\nSo, the magnetic moment of an electron with spin up is -9.274 x 10^-24 J/T.\n\nNow, let's calculate the energy of the electron in the magnetic field (E):\n\nE = -μ * B\n\nwhere B is the magnetic field strength (0.6 T).\n\nE = -(-9.274 x 10^-24 J/T) * 0.6 T\nE = 5.5644 x 10^-24 J\n\nIf the spin of the electron is flipped (spin down), the spin quantum number S = -1/2. The magnetic moment of an electron with spin down is:\n\nμ = -2 * (9.274 x 10^-24 J/T) * (-1/2)\nμ = +9.274 x 10^-24 J/T\n\nWhen the spin is flipped, the magnetic moment changes its sign, becoming +9.274 x 10^-24 J/T.\n\nThe energy of the electron with spin down in the magnetic field is:\n\nE = -μ * B\nE = -(9.274 x 10^-24 J/T) * 0.6 T\nE = -5.5644 x 10^-24 J\n\nIn summary, the magnetic moment of an electron with spin up in a magnetic field of 0.6 T is -9.274 x 10^-24 J/T, and its energy is 5.5644 x 10^-24 J. When the spin is flipped, the magnetic moment becomes +9.274 x 10^-24 J/T, and the energy becomes -5.5644 x 10^-24 J."
}