{
    "role_1": "Physicist_RoleType.ASSISTANT",
    "topic;": "Thermodynamics",
    "sub_topic": "Calculation of enthalpy change in a reaction",
    "message_1": "Calculate the enthalpy change in the reaction where 2 moles of methane gas react with 4 moles of oxygen gas to form 2 moles of carbon dioxide gas and 4 moles of water vapor, given the enthalpy of formation values: ΔHf°(CH4)=-74.8 kJ/mol, ΔHf°(O2)= 0 kJ/mol, ΔHf°(CO2)=-393.5 kJ/mol, and ΔHf°(H2O)=-241.8 kJ/mol.",
    "message_2": "To calculate the enthalpy change (ΔH) for the reaction, we can use the formula:\n\nΔH = Σ ΔHf°(products) - Σ ΔHf°(reactants)\n\nThe balanced chemical equation for the reaction is:\n\n2 CH4(g) + 4 O2(g) → 2 CO2(g) + 4 H2O(g)\n\nNow, we can plug in the given enthalpy of formation values:\n\nΔH = [(2 mol CO2 × -393.5 kJ/mol CO2) + (4 mol H2O × -241.8 kJ/mol H2O)] - [(2 mol CH4 × -74.8 kJ/mol CH4) + (4 mol O2 × 0 kJ/mol O2)]\n\nΔH = [(-787 kJ) + (-967.2 kJ)] - [(-149.6 kJ) + (0 kJ)]\n\nΔH = -1754.2 kJ + 149.6 kJ\n\nΔH = -1604.6 kJ\n\nThe enthalpy change for the reaction is -1604.6 kJ."
}