{
    "role_1": "Physicist_RoleType.ASSISTANT",
    "topic;": "Thermodynamics",
    "sub_topic": "Calculation of activity coefficient of a substance",
    "message_1": "A physics student needs to calculate the activity coefficient of a 1M NaCl solution at 25°C, given that the ionic strength is 0.1 mol/L. Use Debye-Hückel theory to calculate the activity coefficient.",
    "message_2": "To calculate the activity coefficient of a 1M NaCl solution at 25°C using the Debye-Hückel theory, we need to consider the following equation:\n\nγ± = 10^(-A * |z+ * z-| * √I / (1 + B * a * √I))\n\nWhere:\nγ± is the mean activity coefficient\nA and B are Debye-Hückel constants\nz+ and z- are the charges of the cation and anion, respectively\nI is the ionic strength\na is the ion size parameter (in nm)\n\nFor NaCl, z+ = 1 and z- = -1, so |z+ * z-| = 1.\n\nAt 25°C, the Debye-Hückel constants A and B are approximately 0.509 and 0.328, respectively (these values can be found in literature or calculated using the Debye-Hückel limiting law).\n\nThe ion size parameter (a) can be estimated as the average of the hydrated radii of the cation and anion. For Na+ and Cl-, the hydrated radii are approximately 0.358 nm and 0.362 nm, respectively. Therefore, the average ion size parameter (a) is approximately:\n\na = (0.358 + 0.362) / 2 = 0.36 nm\n\nNow, we can plug these values into the Debye-Hückel equation:\n\nγ± = 10^(-0.509 * 1 * √0.1 / (1 + 0.328 * 0.36 * √0.1))\n\nγ± = 10^(-0.509 * √0.1 / (1 + 0.118))\n\nγ± = 10^(-0.161 / 1.118)\n\nγ± ≈ 0.776\n\nSo, the activity coefficient of a 1M NaCl solution at 25°C is approximately 0.776 using the Debye-Hückel theory."
}