{
    "role_1": "Physicist_RoleType.ASSISTANT",
    "topic;": "Thermodynamics",
    "sub_topic": "Calculation of isothermal work done in a process",
    "message_1": "A piston with a cross-sectional area of 0.1 m^2 contains a fixed amount of ideal gas at a pressure of 2 atm and a volume of 0.5 m^3. The gas is a monatomic gas, and its temperature is 300 K. The piston is expanded to a final volume of 1 m^3 in an isothermal process. Determine the isothermal work done by the gas during this process.",
    "message_2": "To determine the isothermal work done by the gas during this process, we can use the formula for work done in an isothermal process for an ideal gas:\n\nW = nRT * ln(Vf / Vi)\n\nwhere W is the work done, n is the number of moles of the gas, R is the ideal gas constant, T is the temperature, Vf is the final volume, and Vi is the initial volume.\n\nFirst, we need to find the number of moles of the gas. We can use the ideal gas law for this:\n\nPV = nRT\n\nwhere P is the pressure, V is the volume, n is the number of moles, R is the ideal gas constant, and T is the temperature.\n\nRearranging the equation to solve for n:\n\nn = PV / RT\n\nGiven the initial conditions, we have:\n\nP = 2 atm = 2 * 101325 Pa (converting atm to Pa)\nV = 0.5 m^3\nR = 8.314 J/(mol*K) (using the value of R in J/(mol*K))\nT = 300 K\n\nPlugging in the values:\n\nn = (2 * 101325 * 0.5) / (8.314 * 300)\nn ≈ 20.4 moles\n\nNow, we can calculate the work done using the formula for isothermal work:\n\nW = nRT * ln(Vf / Vi)\n\nPlugging in the values:\n\nW = 20.4 * 8.314 * 300 * ln(1 / 0.5)\nW ≈ 20.4 * 8.314 * 300 * ln(2)\nW ≈ 32,300 J\n\nTherefore, the isothermal work done by the gas during this process is approximately 32,300 J."
}