{
    "role_1": "Physicist_RoleType.ASSISTANT",
    "topic;": "Thermodynamics",
    "sub_topic": "Calculation of entropy change in a process",
    "message_1": "A physics student is asked to calculate the change in entropy when 200 grams of ice at -20°C is converted into water at 50°C. The specific heat capacity of ice is 2.1 J/g°C, the specific heat capacity of water is 4.18 J/g°C, and the heat of fusion of ice is 333 J/g. How much heat is required to complete this process and what is the change in entropy?",
    "message_2": "To calculate the change in entropy, we first need to find the total heat required to complete the process. The process can be divided into three steps:\n\n1. Heating the ice from -20°C to 0°C\n2. Melting the ice at 0°C\n3. Heating the water from 0°C to 50°C\n\nStep 1: Heating the ice from -20°C to 0°C\nQ1 = mass * specific heat capacity of ice * change in temperature\nQ1 = 200 g * 2.1 J/g°C * (0°C - (-20°C))\nQ1 = 200 g * 2.1 J/g°C * 20°C\nQ1 = 8400 J\n\nStep 2: Melting the ice at 0°C\nQ2 = mass * heat of fusion of ice\nQ2 = 200 g * 333 J/g\nQ2 = 66600 J\n\nStep 3: Heating the water from 0°C to 50°C\nQ3 = mass * specific heat capacity of water * change in temperature\nQ3 = 200 g * 4.18 J/g°C * (50°C - 0°C)\nQ3 = 200 g * 4.18 J/g°C * 50°C\nQ3 = 41800 J\n\nNow, we can find the total heat required (Q_total) by adding the heat required for each step:\nQ_total = Q1 + Q2 + Q3\nQ_total = 8400 J + 66600 J + 41800 J\nQ_total = 116800 J\n\nNext, we can calculate the change in entropy for each step:\n\nStep 1: ΔS1 = (mass * specific heat capacity of ice * change in temperature) / T1\nΔS1 = (200 g * 2.1 J/g°C * 20°C) / 253.15 K  (Converting -20°C to Kelvin: -20 + 273.15 = 253.15 K)\nΔS1 = 8400 J / 253.15 K\nΔS1 = 33.17 J/K\n\nStep 2: ΔS2 = (mass * heat of fusion of ice) / T2\nΔS2 = (200 g * 333 J/g) / 273.15 K  (Converting 0°C to Kelvin: 0 + 273.15 = 273.15 K)\nΔS2 = 66600 J / 273.15 K\nΔS2 = 243.82 J/K\n\nStep 3: ΔS3 = (mass * specific heat capacity of water * change in temperature) / T3\nΔS3 = (200 g * 4.18 J/g°C * 50°C) / 323.15 K  (Converting 50°C to Kelvin: 50 + 273.15 = 323.15 K)\nΔS3 = 41800 J / 323.15 K\nΔS3 = 129.33 J/K\n\nFinally, we can find the total change in entropy (ΔS_total) by adding the change in entropy for each step:\nΔS_total = ΔS1 + ΔS2 + ΔS3\nΔS_total = 33.17 J/K + 243.82 J/K + 129.33 J/K\nΔS_total = 406.32 J/K\n\nSo, the total heat required to complete the process is 116800 J, and the change in entropy is 406.32 J/K."
}