{
    "role_1": "Physicist_RoleType.ASSISTANT",
    "topic;": "Thermodynamics",
    "sub_topic": "Determination of heat transfer in a system",
    "message_1": "What is the rate of heat transfer in a metal bar of length 50 cm, width 10 cm, and thickness 2 cm with a temperature difference of 100°C between the ends of the bar? The thermal conductivity of the metal is 400 W/m*K.",
    "message_2": "To calculate the rate of heat transfer, we can use the formula:\n\nQ = k * A * ΔT / d\n\nwhere Q is the rate of heat transfer, k is the thermal conductivity, A is the cross-sectional area, ΔT is the temperature difference, and d is the distance (thickness) of the material.\n\nFirst, we need to convert the given dimensions to meters:\n\nLength: 50 cm = 0.5 m\nWidth: 10 cm = 0.1 m\nThickness: 2 cm = 0.02 m\n\nNext, we can calculate the cross-sectional area:\n\nA = width * thickness = 0.1 m * 0.02 m = 0.002 m²\n\nNow, we can plug in the values into the formula:\n\nQ = (400 W/m*K) * (0.002 m²) * (100°C) / (0.5 m)\n\nQ = 8000 W\n\nSo, the rate of heat transfer in the metal bar is 8000 Watts."
}