{
    "role_1": "Physicist_RoleType.ASSISTANT",
    "topic;": "Thermodynamics",
    "sub_topic": "Calculation of critical pressure of a substance",
    "message_1": "What is the critical pressure of water at a temperature of 374°C? Given that the critical temperature of water is 374°C and its critical volume is 0.00316 m³/mol.",
    "message_2": "To find the critical pressure of water, we can use the van der Waals equation of state for real gases, which is given by:\n\n(P + a(n/V)^2)(V/n - b) = RT\n\nwhere P is the pressure, n is the number of moles, V is the volume, T is the temperature, R is the gas constant, and a and b are the van der Waals constants.\n\nAt the critical point, the following relationships hold:\n\ndP/dV = 0\nd²P/dV² = 0\n\nUsing these relationships, we can derive the expressions for the critical constants in terms of the van der Waals constants:\n\nPc = a / (27 * b^2)\nTc = (8 * a) / (27 * b * R)\nVc = 3 * b\n\nWe are given the critical temperature (Tc) and critical volume (Vc) of water:\n\nTc = 374°C + 273.15 = 647.15 K\nVc = 0.00316 m³/mol\n\nWe can use these values to find the van der Waals constants a and b:\n\nb = Vc / 3 = 0.00316 m³/mol / 3 = 0.001053 m³/mol\n\nNow, we can find the constant a using the critical temperature equation:\n\na = 27 * b * R * Tc / 8 = 27 * 0.001053 m³/mol * 8.314 J/(mol*K) * 647.15 K / 8\na = 2.302 J m³/mol²\n\nNow that we have the values of a and b, we can find the critical pressure (Pc) using the critical pressure equation:\n\nPc = a / (27 * b^2) = 2.302 J m³/mol² / (27 * (0.001053 m³/mol)^2)\nPc = 22.06 MPa\n\nSo, the critical pressure of water at a temperature of 374°C is approximately 22.06 MPa."
}