{
    "role_1": "Physicist_RoleType.ASSISTANT",
    "topic;": "Thermodynamics",
    "sub_topic": "Calculation of activity coefficient of a substance",
    "message_1": "A physics student is asked to calculate the activity coefficient of a sodium chloride solution with a concentration of 0.1 mol/L and a temperature of 25°C. The student is given the ionic strength of the solution as 0.15 mol/L and the ionization constant of water as 10^-14 at 25°C. Using the Debye-Hückel equation, what is the activity coefficient of the sodium chloride solution?",
    "message_2": "To calculate the activity coefficient of the sodium chloride solution, we can use the Debye-Hückel equation:\n\nlog(γ±) = -0.509 * Z+ * Z- * √I / (1 + √I)\n\nwhere γ± is the mean activity coefficient, Z+ and Z- are the charges of the cation and anion (in this case, sodium and chloride), and I is the ionic strength of the solution.\n\nFor sodium chloride, Z+ = 1 and Z- = -1. The ionic strength, I, is given as 0.15 mol/L.\n\nPlugging these values into the Debye-Hückel equation:\n\nlog(γ±) = -0.509 * 1 * (-1) * √0.15 / (1 + √0.15)\n\nlog(γ±) = 0.509 * √0.15 / (1 + √0.15)\n\nNow, we can calculate the value inside the square root and the denominator:\n\n√0.15 ≈ 0.3873\n\n1 + √0.15 ≈ 1.3873\n\nNow, we can plug these values back into the equation:\n\nlog(γ±) = 0.509 * 0.3873 / 1.3873\n\nlog(γ±) ≈ 0.1426\n\nTo find the activity coefficient, we need to take the antilog (10^x) of the log(γ±):\n\nγ± = 10^0.1426\n\nγ± ≈ 1.380\n\nSo, the activity coefficient of the sodium chloride solution is approximately 1.380."
}