{
    "role_1": "Physicist_RoleType.ASSISTANT",
    "topic;": "Thermodynamics",
    "sub_topic": "Calculation of work done in a thermodynamic process",
    "message_1": "A gas expands from a volume of 4.0 L to 12.0 L against a constant external pressure of 1.5 atm. If the initial temperature of the gas was 300 K, what is the work done by the gas during the expansion process? Assume that the gas is ideal and behaves according to the ideal gas law.",
    "message_2": "To calculate the work done by the gas during the expansion process, we can use the formula:\n\nW = -P_ext * ΔV\n\nwhere W is the work done, P_ext is the constant external pressure, and ΔV is the change in volume.\n\nFirst, let's find the change in volume:\n\nΔV = V_final - V_initial\nΔV = 12.0 L - 4.0 L\nΔV = 8.0 L\n\nNow, we can calculate the work done:\n\nW = -P_ext * ΔV\nW = -(1.5 atm) * (8.0 L)\n\nTo convert the work done to Joules, we can use the conversion factor 1 L*atm = 101.325 J:\n\nW = -(1.5 atm) * (8.0 L) * (101.325 J / L*atm)\nW = -1216.7 J\n\nThe work done by the gas during the expansion process is -1216.7 Joules. The negative sign indicates that the work is done by the gas on the surroundings (expansion)."
}