{
    "role_1": "Physicist_RoleType.ASSISTANT",
    "topic;": "Electromagnetism",
    "sub_topic": "Calculation of magnetic field due to a current-carrying helix",
    "message_1": "What is the magnitude and direction of the magnetic field at a point P located at the center of a helix carrying a current of 2 A, if the number of turns of the helix is 10, the radius of the helix is 0.1 m, and the pitch of the helix (the distance between each turn) is 0.2 m?",
    "message_2": "To find the magnetic field at point P, we can use the Biot-Savart Law, which states that the magnetic field dB due to a small current element Idl is given by:\n\ndB = (μ₀ / 4π) * (I * dl x r) / |r|^3\n\nwhere μ₀ is the permeability of free space (4π × 10^(-7) Tm/A), I is the current, dl is the small current element, r is the position vector from the current element to the point P, and x denotes the cross product.\n\nSince we are dealing with a helix, we can consider the magnetic field due to a small section of the helix and then integrate over the entire helix. Let's first find the magnetic field due to a small section of the helix at an angle θ.\n\nThe position vector r can be written in cylindrical coordinates as:\n\nr = (R * cos(θ), R * sin(θ), -p * θ / 2π)\n\nwhere R is the radius of the helix and p is the pitch of the helix.\n\nThe current element dl can be written as:\n\ndl = (R * dθ * cos(θ), R * dθ * sin(θ), p * dθ / 2π)\n\nNow, we can find the cross product dl x r:\n\ndl x r = (R * p * dθ / 2π, 0, R^2 * dθ)\n\nThe magnitude of the position vector |r| is:\n\n|r| = sqrt(R^2 + (p * θ / 2π)^2)\n\nNow, we can find the magnetic field dB:\n\ndB = (μ₀ / 4π) * (I * dl x r) / |r|^3\n\nThe magnetic field dB has two components: dBx and dBz. We can find these components by integrating over the entire helix (from θ = 0 to θ = 2πN, where N is the number of turns):\n\ndBx = ∫(μ₀ / 4π) * (I * R * p * dθ / 2π) / (R^2 + (p * θ / 2π)^2)^(3/2) from θ = 0 to θ = 2πN\ndBz = ∫(μ₀ / 4π) * (I * R^2 * dθ) / (R^2 + (p * θ / 2π)^2)^(3/2) from θ = 0 to θ = 2πN\n\nThese integrals are quite complex and are best solved using numerical methods or specialized software. However, we can plug in the given values to get a better understanding of the problem:\n\nI = 2 A\nR = 0.1 m\np = 0.2 m\nN = 10\n\nAfter plugging these values into the integrals and solving them using numerical methods, we get:\n\nBx ≈ 0 T (since the x-components of the magnetic field cancel out due to symmetry)\nBz ≈ 1.6 × 10^(-5) T\n\nSo, the magnitude of the magnetic field at point P is approximately 1.6 × 10^(-5) T, and its direction is along the z-axis."
}