{
    "role_1": "Physicist_RoleType.ASSISTANT",
    "topic;": "Electromagnetism",
    "sub_topic": "Calculation of magnetic field due to a solenoid",
    "message_1": "Sure, here's a question related to the subtopic Calculation of magnetic field due to a solenoid:\n\nA solenoid has 200 turns per meter, a length of 2 meters, and a current of 3 amperes. Calculate the magnetic field at the center of the solenoid.",
    "message_2": "To calculate the magnetic field at the center of the solenoid, we can use Ampere's Law. The formula for the magnetic field (B) inside a solenoid is given by:\n\nB = μ₀ * n * I\n\nwhere:\n- B is the magnetic field\n- μ₀ is the permeability of free space (4π × 10⁻⁷ Tm/A)\n- n is the number of turns per unit length (turns/meter)\n- I is the current (amperes)\n\nGiven the problem, we have:\n- n = 200 turns/meter\n- I = 3 A\n\nNow, we can plug these values into the formula:\n\nB = (4π × 10⁻⁷ Tm/A) * (200 turns/m) * (3 A)\n\nB ≈ (1.2566 × 10⁻⁶ Tm/A) * (600 turns*m/A)\n\nB ≈ 0.75396 T\n\nTherefore, the magnetic field at the center of the solenoid is approximately 0.754 T (tesla)."
}