{
    "role_1": "Physicist_RoleType.ASSISTANT",
    "topic;": "Electromagnetism",
    "sub_topic": "Calculation of magnetic field due to a current-carrying ring",
    "message_1": "A circular ring of radius R carries a steady current I. Find the expression for the magnetic field at a point P located at a distance x from the center of the ring along the axis of the ring.",
    "message_2": "To find the magnetic field at point P, we will use the Biot-Savart law, which states that the magnetic field dB due to a small current element Idl at a distance r is given by:\n\ndB = (μ₀ / 4π) * (I * dl × r) / r^3\n\nwhere μ₀ is the permeability of free space (μ₀ = 4π × 10^(-7) Tm/A), I is the current, dl is the small length element of the circular ring, and r is the distance from the current element to the point P.\n\nLet's consider a small length element dl at an angle θ on the circular ring. The distance from this element to point P is:\n\nr = √(x^2 + R^2)\n\nThe angle between the vectors dl and r is (90° - θ). Therefore, the cross product dl × r can be written as:\n\ndl × r = dl * r * sin(90° - θ) = dl * r * cos(θ)\n\nNow, we can write the magnetic field dB at point P due to the small current element dl as:\n\ndB = (μ₀ / 4π) * (I * dl * r * cos(θ)) / r^3\n\nThe total magnetic field B at point P can be found by integrating dB over the entire circular ring (0 to 2π):\n\nB = ∫(dB) = ∫((μ₀ / 4π) * (I * dl * r * cos(θ)) / r^3) dθ from 0 to 2π\n\nSince μ₀, I, R, and x are constants, we can take them out of the integral:\n\nB = (μ₀ * I / 4π) * ∫(dl * cos(θ) / r^2) dθ from 0 to 2π\n\nWe know that dl = R * dθ, so we can substitute this into the integral:\n\nB = (μ₀ * I / 4π) * ∫(R * dθ * cos(θ) / r^2) dθ from 0 to 2π\n\nNow, we can integrate with respect to θ:\n\nB = (μ₀ * I * R / 4π) * ∫(cos(θ) / r^2) dθ from 0 to 2π\n\nThe integral of cos(θ) / r^2 with respect to θ from 0 to 2π is:\n\n∫(cos(θ) / r^2) dθ = (1 / r^2) * ∫(cos(θ)) dθ = (1 / r^2) * [sin(θ)] from 0 to 2π\n\nEvaluating the integral, we get:\n\n(1 / r^2) * [sin(2π) - sin(0)] = 0\n\nSince the integral evaluates to zero, the magnetic field B at point P is:\n\nB = (μ₀ * I * R / 4π) * 0 = 0 T\n\nHowever, this result is incorrect due to the symmetry of the problem. The correct way to approach this problem is to consider the magnetic field components. The magnetic field dB has two components: one along the x-axis (dBx) and one along the y-axis (dBy). Due to the symmetry of the circular ring, the y-components of the magnetic field will cancel each other out, while the x-components will add up.\n\nLet's find the x-component of the magnetic field dBx:\n\ndBx = dB * cos(θ) = (μ₀ / 4π) * (I * dl * r * cos(θ)^2) / r^3\n\nNow, we can integrate dBx over the entire circular ring (0 to 2π) to find the total magnetic field Bx at point P:\n\nBx = ∫(dBx) = ∫((μ₀ / 4π) * (I * dl * r * cos(θ)^2) / r^3) dθ from 0 to 2π\n\nBx = (μ₀ * I / 4π) * ∫(dl * cos(θ)^2 / r^2) dθ from 0 to 2π\n\nSubstituting dl = R * dθ:\n\nBx = (μ₀ * I * R / 4π) * ∫(dθ * cos(θ)^2 / r^2) dθ from 0 to 2π\n\nNow, we can integrate with respect to θ:\n\nBx = (μ₀ * I * R / 4π) * ∫(cos(θ)^2 / r^2) dθ from 0 to 2π\n\nTo evaluate this integral, we can use the trigonometric identity:\n\ncos(θ)^2 = (1 + cos(2θ)) / 2\n\nSo, the integral becomes:\n\nBx = (μ₀ * I * R / 4π) * ∫((1 + cos(2θ)) / (2 * r^2)) dθ from 0 to 2π\n\nNow, we can integrate with respect to θ:\n\nBx = (μ₀ * I * R / 4π) * [(1 / (2 * r^2)) * ∫(1) dθ + (1 / (2 * r^2)) * ∫(cos(2θ)) dθ] from 0 to 2π\n\nEvaluating the integrals, we get:\n\nBx = (μ₀ * I * R / 4π) * [(1 / (2 * r^2)) * (2π) + (1 / (2 * r^2)) * [sin(2θ) / 2] from 0 to 2π]\n\nBx = (μ₀ * I * R / 4π) * [(1 / (2 * r^2)) * (2π) + (1 / (2 * r^2)) * (0)]\n\nBx = (μ₀ * I * R / 4π) * (π / r^2)\n\nSince r = √(x^2 + R^2), we can substitute this into the expression for Bx:\n\nBx = (μ₀ * I * R / 4π) * (π / (x^2 + R^2))\n\nFinally, the magnetic field at point P along the axis of the ring is:\n\nB = Bx = (μ₀ * I * R * π) / (4π * (x^2 + R^2))"
}