{
    "role_1": "Physicist_RoleType.ASSISTANT",
    "topic;": "General relativity",
    "sub_topic": "The gravitational waves and binary systems",
    "message_1": "What is the expected frequency of gravitational waves emitted by a binary system consisting of two black holes with masses of 30 and 10 times that of the sun, respectively, and orbital separation of 1000 km? How does this compare to the sensitivity range of advanced LIGO and Virgo detectors?",
    "message_2": "To calculate the expected frequency of gravitational waves emitted by a binary system of two black holes, we can use the following formula:\n\nf = (1 / π) * (G * (M1 + M2) / a^3)^(1/2)\n\nwhere f is the frequency of the gravitational waves, G is the gravitational constant, M1 and M2 are the masses of the black holes, and a is the orbital separation.\n\nGiven the masses of the black holes are 30 and 10 times the mass of the sun, we can write:\n\nM1 = 30 * Msun\nM2 = 10 * Msun\n\nwhere Msun = 1.989 x 10^30 kg is the mass of the sun.\n\nThe orbital separation is given as 1000 km, which we need to convert to meters:\n\na = 1000 km * 1000 m/km = 1 x 10^6 m\n\nNow we can plug these values into the formula:\n\nG = 6.674 x 10^-11 m^3 kg^-1 s^-2 (gravitational constant)\n\nf = (1 / π) * (G * (30 * Msun + 10 * Msun) / (1 x 10^6 m)^3)^(1/2)\nf ≈ 1.55 Hz\n\nThe expected frequency of gravitational waves emitted by this binary system is approximately 1.55 Hz.\n\nNow let's compare this frequency to the sensitivity range of advanced LIGO and Virgo detectors. The advanced LIGO detectors have a sensitivity range of approximately 10 Hz to 5000 Hz, while the Virgo detector has a sensitivity range of approximately 10 Hz to 6000 Hz.\n\nThe calculated frequency of 1.55 Hz is below the sensitivity range of both advanced LIGO and Virgo detectors. Therefore, this binary system's gravitational waves would not be detectable by these detectors."
}