{
    "role_1": "Physicist_RoleType.ASSISTANT",
    "topic;": "General relativity",
    "sub_topic": "The Penrose process and black hole thermodynamics",
    "message_1": "What is the maximum amount of energy that can be extracted from a spinning black hole using the Penrose process, and how does this relate to the concept of black hole thermodynamics?",
    "message_2": "The Penrose process is a mechanism through which energy can be extracted from a rotating black hole. This process occurs in the ergosphere, a region outside the event horizon where the black hole's rotation drags spacetime along with it. In the Penrose process, a particle entering the ergosphere can split into two particles, with one of them falling into the black hole and the other escaping to infinity. The escaping particle can have more energy than the original particle, effectively extracting energy from the black hole.\n\nThe maximum amount of energy that can be extracted from a spinning black hole using the Penrose process is determined by the black hole's angular momentum, which is related to its mass and spin. The efficiency of the Penrose process depends on the black hole's dimensionless spin parameter, a*, which is defined as the ratio of the black hole's angular momentum to its mass squared (a* = J/M^2). The spin parameter ranges from 0 (non-rotating black hole) to 1 (extremal black hole, rotating at the maximum possible rate).\n\nFor a maximally rotating black hole (a* = 1), the maximum efficiency of the Penrose process is approximately 20.7%, meaning that up to 20.7% of the black hole's mass can be converted into energy. This value is derived from the fact that the energy of the escaping particle can be up to 29% greater than the energy of the original particle entering the ergosphere.\n\nBlack hole thermodynamics is a set of laws that draw an analogy between the behavior of black holes and the laws of thermodynamics. The four laws of black hole thermodynamics are:\n\n1. The zeroth law: The surface gravity of a stationary black hole is constant over its event horizon.\n2. The first law: The change in a black hole's mass is related to the change in its area, angular momentum, and electric charge.\n3. The second law: The area of a black hole's event horizon cannot decrease; it can only increase or remain constant.\n4. The third law: It is impossible to achieve a black hole with zero surface gravity.\n\nThe Penrose process relates to black hole thermodynamics through the first and second laws. When energy is extracted from a black hole via the Penrose process, the black hole loses mass and angular momentum. According to the first law of black hole thermodynamics, this loss of mass and angular momentum results in a decrease in the black hole's event horizon area. However, the second law states that the area of the event horizon cannot decrease. This apparent contradiction is resolved by considering that the Penrose process also increases the black hole's entropy, which is proportional to the event horizon area. The increase in entropy compensates for the decrease in the event horizon area due to the loss of mass and angular momentum, ensuring that the second law of black hole thermodynamics is not violated."
}