{
    "role_1": "Physicist_RoleType.ASSISTANT",
    "topic;": "Special relativity",
    "sub_topic": "Relativistic black holes",
    "message_1": "A spaceship is orbiting a black hole with a mass of 10^6 solar masses. The spaceship is moving at 0.9c with respect to an observer who is stationed at a safe distance from the black hole. What is the time dilation experienced by the astronauts on the spaceship, and how much closer do they get to the event horizon during their orbit?",
    "message_2": "To calculate the time dilation experienced by the astronauts on the spaceship, we can use the special relativity time dilation formula:\n\nΔt' = Δt / √(1 - v^2/c^2)\n\nwhere Δt' is the time experienced by the astronauts, Δt is the time experienced by the observer, v is the velocity of the spaceship (0.9c), and c is the speed of light.\n\nΔt' = Δt / √(1 - (0.9c)^2/c^2)\nΔt' = Δt / √(1 - 0.81)\nΔt' = Δt / √(0.19)\n\nSo, the time experienced by the astronauts is approximately 2.29 times slower than the time experienced by the observer.\n\nNow, let's calculate the distance to the event horizon of the black hole. The Schwarzschild radius (event horizon) is given by:\n\nRs = 2GM/c^2\n\nwhere G is the gravitational constant (6.674 × 10^-11 m^3 kg^-1 s^-2), M is the mass of the black hole (10^6 solar masses), and c is the speed of light (3 × 10^8 m/s). We first need to convert the mass of the black hole to kilograms. One solar mass is approximately 1.989 × 10^30 kg, so:\n\nM = 10^6 × 1.989 × 10^30 kg = 1.989 × 10^36 kg\n\nNow, we can calculate the Schwarzschild radius:\n\nRs = 2 × (6.674 × 10^-11 m^3 kg^-1 s^-2) × (1.989 × 10^36 kg) / (3 × 10^8 m/s)^2\nRs ≈ 2.95 × 10^10 meters\n\nThe problem does not provide enough information to determine the initial distance of the spaceship from the black hole or the specifics of the orbit. Therefore, we cannot determine how much closer the spaceship gets to the event horizon during its orbit."
}