{
    "role_1": "Physicist_RoleType.ASSISTANT",
    "topic;": "Atomic physics",
    "sub_topic": "Calculation of the photoelectric effect in atoms",
    "message_1": "What is the kinetic energy of an electron emitted from a metal surface, if the surface is illuminated by light with a wavelength of 500 nm and the work function of the metal is 4.5 eV? Given that the mass of the electron is 9.11 x 10^-31 kg and the Planck's constant is 6.626 x 10^-34 J s.",
    "message_2": "To find the kinetic energy of the emitted electron, we first need to calculate the energy of the incident light and then subtract the work function of the metal.\n\n1. Calculate the energy of the incident light:\nThe energy of a photon can be calculated using the formula E = (hc) / λ, where E is the energy, h is the Planck's constant, c is the speed of light, and λ is the wavelength.\n\nGiven:\nλ = 500 nm = 500 x 10^-9 m\nh = 6.626 x 10^-34 J s\nc = 3 x 10^8 m/s\n\nE = (6.626 x 10^-34 J s * 3 x 10^8 m/s) / (500 x 10^-9 m)\nE = 3.978 x 10^-19 J\n\n2. Convert the work function from eV to Joules:\n1 eV = 1.6 x 10^-19 J\n\nWork function = 4.5 eV * 1.6 x 10^-19 J/eV\nWork function = 7.2 x 10^-19 J\n\n3. Calculate the kinetic energy of the emitted electron:\nKinetic energy = Energy of incident light - Work function\nKinetic energy = 3.978 x 10^-19 J - 7.2 x 10^-19 J\nKinetic energy = -3.222 x 10^-19 J\n\nSince the kinetic energy is negative, it means that the energy of the incident light is not sufficient to overcome the work function of the metal, and therefore, no electron will be emitted from the surface."
}