{
    "role_1": "Physicist_RoleType.ASSISTANT",
    "topic;": "Atomic physics",
    "sub_topic": "Calculation of the Compton effect in atoms",
    "message_1": "A physics student needs to calculate the change in wavelength of a photon that undergoes Compton scattering with an electron in a hydrogen atom. The initial wavelength of the photon is 0.1 nm and the scattering angle is 30 degrees. The student needs to determine the final wavelength of the photon after the scattering event.",
    "message_2": "To calculate the change in wavelength of a photon undergoing Compton scattering, we can use the Compton formula:\n\nΔλ = λ' - λ = h/(m_e * c) * (1 - cos(θ))\n\nwhere Δλ is the change in wavelength, λ' is the final wavelength, λ is the initial wavelength, h is the Planck's constant (6.626 x 10^-34 Js), m_e is the electron mass (9.109 x 10^-31 kg), c is the speed of light (3 x 10^8 m/s), and θ is the scattering angle.\n\nGiven the initial wavelength λ = 0.1 nm = 1 x 10^-10 m and the scattering angle θ = 30 degrees, we can calculate the change in wavelength:\n\n1. First, convert the scattering angle to radians:\nθ_rad = (30 * π) / 180 = π / 6\n\n2. Calculate the Compton shift:\nΔλ = (6.626 x 10^-34) / (9.109 x 10^-31 * 3 x 10^8) * (1 - cos(π / 6))\nΔλ ≈ 2.426 x 10^-12 * (1 - cos(π / 6))\nΔλ ≈ 2.426 x 10^-12 * (1 - 0.866)\nΔλ ≈ 2.426 x 10^-12 * 0.134\nΔλ ≈ 3.25 x 10^-13 m\n\n3. Calculate the final wavelength:\nλ' = λ + Δλ\nλ' = 1 x 10^-10 + 3.25 x 10^-13\nλ' ≈ 1.00325 x 10^-10 m\n\nSo the final wavelength of the photon after the scattering event is approximately 1.00325 x 10^-10 m or 0.100325 nm."
}