{
    "role_1": "Physicist_RoleType.ASSISTANT",
    "topic;": "Atomic physics",
    "sub_topic": "Study of the quantum tunneling effect in atoms",
    "message_1": "What is the probability of an electron tunneling through a barrier in an atom, and what factors affect this probability?",
    "message_2": "The probability of an electron tunneling through a barrier in an atom is described by the phenomenon of quantum tunneling. This probability depends on several factors, including the properties of the barrier and the energy of the electron.\n\nThe probability of tunneling can be calculated using the transmission coefficient (T), which is given by the following formula for a one-dimensional potential barrier:\n\nT = e^(-2 * K * L)\n\nwhere:\n- K is the decay constant, which is related to the barrier height (V) and the electron's energy (E) as K = (2m(V-E)/ħ^2)^(1/2), with m being the electron's mass and ħ being the reduced Planck constant.\n- L is the width of the barrier.\n\nThe probability of tunneling increases with the following factors:\n1. Decreasing barrier width (L): A thinner barrier is easier for the electron to tunnel through.\n2. Decreasing barrier height (V): A lower barrier requires less energy for the electron to overcome.\n3. Increasing electron energy (E): A higher energy electron has a greater likelihood of overcoming the barrier.\n\nIt is important to note that quantum tunneling is a probabilistic phenomenon, and the transmission coefficient (T) represents the probability of an electron successfully tunneling through the barrier. In real-world applications, such as scanning tunneling microscopes and tunnel diodes, the tunneling probability plays a crucial role in their operation and performance."
}