{
    "role_1": "Physicist_RoleType.ASSISTANT",
    "topic;": "Nuclear physics",
    "sub_topic": "Nuclear astrophysics and stellar evolution",
    "message_1": "What is the main nuclear fusion reaction that takes place in stars during the main sequence phase, and what is the process for producing energy from this reaction?",
    "message_2": "The main nuclear fusion reaction that takes place in stars during the main sequence phase is the proton-proton chain (also known as the p-p chain). This process involves the fusion of hydrogen nuclei (protons) to form helium nuclei, releasing energy in the form of light and heat.\n\nThe proton-proton chain consists of several steps:\n\n1. Two protons (hydrogen nuclei) come together and undergo nuclear fusion, forming a deuterium nucleus (one proton and one neutron), a positron, and a neutrino. This step is called the weak nuclear force interaction, as one of the protons is converted into a neutron through the emission of a positron and a neutrino.\n\n2. The deuterium nucleus then fuses with another proton, forming a helium-3 nucleus (two protons and one neutron) and releasing a gamma-ray photon.\n\n3. Finally, two helium-3 nuclei come together and fuse, forming a helium-4 nucleus (two protons and two neutrons) and releasing two protons in the process.\n\nThe overall reaction can be summarized as:\n\n4 H-1 (protons) -> He-4 (helium nucleus) + 2 e+ (positrons) + 2 νe (neutrinos) + 6 γ (gamma-ray photons)\n\nThe energy produced in this reaction comes from the conversion of mass into energy, as described by Einstein's famous equation, E=mc². The mass of the final helium-4 nucleus is slightly less than the combined mass of the four initial protons. This mass difference is converted into energy in the form of gamma-ray photons, positrons, and neutrinos. The gamma-ray photons are the primary source of energy that we observe as light and heat from stars."
}