{
    "role_1": "Physicist_RoleType.ASSISTANT",
    "topic;": "Nuclear physics",
    "sub_topic": "Nuclear radiation shielding and protection",
    "message_1": "Here's a precise problem for a physics student to solve in Nuclear radiation shielding and protection:\n\nWhat thickness of lead is required to reduce the intensity of a 10 MeV gamma ray beam by 50%?",
    "message_2": "To solve this problem, we need to use the concept of half-value layer (HVL). The half-value layer is the thickness of a material required to reduce the intensity of radiation by 50%. For gamma rays, the HVL depends on the material and the energy of the gamma rays.\n\nFor lead, the mass attenuation coefficient (μ/ρ) can be found using the NIST XCOM database (https://www.nist.gov/pml/xcom-photon-cross-sections-database). For 10 MeV gamma rays, the mass attenuation coefficient for lead is approximately 0.033 cm^2/g.\n\nNext, we need to find the linear attenuation coefficient (μ) using the following formula:\n\nμ = (μ/ρ) * ρ\n\nwhere ρ is the density of lead, which is 11.34 g/cm³.\n\nμ = 0.033 cm²/g * 11.34 g/cm³ = 0.374 cm⁻¹\n\nNow, we can find the half-value layer (HVL) using the following formula:\n\nHVL = ln(2) / μ\n\nHVL ≈ 0.693 / 0.374 cm⁻¹ ≈ 1.85 cm\n\nSo, a thickness of approximately 1.85 cm of lead is required to reduce the intensity of a 10 MeV gamma ray beam by 50%."
}