{
    "role_1": "Physicist_RoleType.ASSISTANT",
    "topic;": "Particle physics",
    "sub_topic": "The study of the properties of the tau lepton",
    "message_1": "What are the properties of the tau lepton, and how do they differ from those of other leptons, such as the electron and muon? How does the tau lepton decay, and what can we learn about fundamental physics from studying its decay modes?",
    "message_2": "The tau lepton is the heaviest of the three charged leptons in the Standard Model of particle physics, the other two being the electron and the muon. It is a fundamental particle with a negative electric charge and belongs to the lepton family, which also includes neutrinos. Here are some properties of the tau lepton and how they differ from those of the electron and muon:\n\n1. Mass: The tau lepton has a mass of approximately 1.777 GeV/c², which is significantly heavier than the electron (0.511 MeV/c²) and the muon (105.7 MeV/c²). Due to its larger mass, the tau lepton can decay into a wider range of particles compared to the electron and muon.\n\n2. Lifetime: The tau lepton has a very short lifetime of about 2.9 x 10^(-13) seconds. This is much shorter than the muon's lifetime (2.2 x 10^(-6) seconds) and the electron, which is considered stable as it does not decay.\n\n3. Generations: The tau lepton is a third-generation lepton, while the electron is a first-generation lepton and the muon is a second-generation lepton. Each generation is heavier and less stable than the previous one.\n\n4. Weak interaction: All three charged leptons interact via the electromagnetic and weak forces. However, due to its larger mass, the tau lepton can participate in a wider range of weak interactions, leading to a greater variety of decay modes.\n\nThe tau lepton decays through the weak force, primarily into hadrons (particles made up of quarks) and a tau neutrino. The decay can also produce lighter leptons, such as electrons or muons, along with their corresponding neutrinos. Some common decay modes include:\n\n1. Tau lepton decaying into a tau neutrino and a W boson, which subsequently decays into quarks.\n2. Tau lepton decaying into a tau neutrino and an electron (or muon) along with an electron (or muon) neutrino.\n\nStudying the decay modes of the tau lepton can provide valuable insights into fundamental physics:\n\n1. Lepton universality: The principle of lepton universality states that all leptons should interact with the same strength via the weak force, regardless of their mass. By comparing the decay rates and branching ratios of tau leptons with those of electrons and muons, we can test the validity of lepton universality and probe for potential new physics beyond the Standard Model.\n\n2. Neutrino properties: Tau neutrinos are the least studied among the three types of neutrinos due to the short lifetime and challenging experimental detection of tau leptons. Studying tau lepton decays can help us better understand the properties of tau neutrinos, such as their mass and mixing with other neutrino flavors.\n\n3. CP violation: Studying the decay modes of tau leptons can also provide information on CP (charge-parity) violation, a phenomenon that could help explain the observed matter-antimatter asymmetry in the universe.\n\nIn summary, the tau lepton is a heavier and less stable lepton compared to the electron and muon. Its decay modes, governed by the weak force, offer valuable insights into fundamental physics, such as lepton universality, neutrino properties, and CP violation."
}