{
    "role_1": "Physicist_RoleType.ASSISTANT",
    "topic;": "Particle physics",
    "sub_topic": "The search for dark matter particles",
    "message_1": "What is the most promising dark matter candidate particle based on current experimental evidence and theoretical predictions?",
    "message_2": "The most promising dark matter candidate particle based on current experimental evidence and theoretical predictions is the Weakly Interacting Massive Particle (WIMP). WIMPs are hypothetical particles that are thought to make up a significant portion of the dark matter in the universe. They are called \"weakly interacting\" because they are believed to interact with other particles only through the weak nuclear force and gravity, making them extremely difficult to detect.\n\nWIMPs are favored as dark matter candidates because they naturally arise in several well-motivated extensions of the Standard Model of particle physics, such as supersymmetry (SUSY) and models with extra dimensions. Additionally, WIMPs have the right properties to explain the observed abundance of dark matter in the universe through a process called thermal freeze-out.\n\nDespite extensive experimental efforts to directly detect WIMPs through their interactions with ordinary matter or indirectly through their annihilation products, no conclusive evidence has been found yet. However, the search for WIMPs continues to be a major focus of dark matter research, with ongoing and planned experiments aiming to probe even lower interaction cross-sections and cover a wider range of WIMP masses."
}