{
    "role_1": "Physicist_RoleType.ASSISTANT",
    "topic;": "Fluid mechanics",
    "sub_topic": "Turbulent flow and Reynolds number",
    "message_1": "What is the maximum Reynolds number for water flowing through a smooth pipe of diameter 0.05 m before the flow becomes turbulent?",
    "message_2": "The Reynolds number (Re) is a dimensionless quantity used to predict the onset of turbulence in fluid flow. It is defined as:\n\nRe = (ρVD) / μ\n\nwhere ρ is the fluid density, V is the fluid velocity, D is the pipe diameter, and μ is the dynamic viscosity of the fluid.\n\nFor flow in a smooth pipe, the flow is generally considered to transition from laminar to turbulent when the Reynolds number reaches a critical value of approximately 2000.\n\nGiven the diameter D = 0.05 m, we can calculate the maximum Reynolds number for water before the flow becomes turbulent. For water at room temperature (20°C), the density ρ is approximately 998 kg/m³, and the dynamic viscosity μ is approximately 1.002 x 10⁻³ Pa·s.\n\nUsing the critical Reynolds number (Re_c) of 2000:\n\n2000 = (998 * V * 0.05) / (1.002 x 10⁻³)\n\nSolving for V:\n\nV = (2000 * 1.002 x 10⁻³) / (998 * 0.05)\nV ≈ 0.0402 m/s\n\nSo, the maximum Reynolds number for water flowing through a smooth pipe of diameter 0.05 m before the flow becomes turbulent is approximately 2000, which corresponds to a flow velocity of approximately 0.0402 m/s."
}