{
    "role_1": "Physicist_RoleType.ASSISTANT",
    "topic;": "Fluid mechanics",
    "sub_topic": "Mass transfer and diffusion in fluids",
    "message_1": "A tank of water with dimensions of 3 meters long, 2 meters wide, and 1 meter deep has a concentration of salt in the water of 0.1 kg/m³. If you add salt at a rate of 0.5 kg/hr to the water, how long will it take to reach a concentration of 0.5 kg/m³? Assume that the salt is evenly distributed throughout the tank and that there is no change in volume or temperature of the water. What is the mass transfer rate?",
    "message_2": "First, let's find the volume of the tank:\n\nVolume = length × width × depth\nVolume = 3 m × 2 m × 1 m = 6 m³\n\nNow, let's find the initial mass of salt in the tank:\n\nInitial mass of salt = concentration × volume\nInitial mass of salt = 0.1 kg/m³ × 6 m³ = 0.6 kg\n\nWe want to reach a concentration of 0.5 kg/m³, so let's find the final mass of salt needed:\n\nFinal mass of salt = final concentration × volume\nFinal mass of salt = 0.5 kg/m³ × 6 m³ = 3 kg\n\nNow, let's find the mass of salt that needs to be added:\n\nMass of salt to be added = final mass of salt - initial mass of salt\nMass of salt to be added = 3 kg - 0.6 kg = 2.4 kg\n\nWe are adding salt at a rate of 0.5 kg/hr. To find the time it takes to reach the desired concentration, we can use the following equation:\n\nTime = mass of salt to be added / rate of adding salt\nTime = 2.4 kg / 0.5 kg/hr = 4.8 hours\n\nSo, it will take 4.8 hours to reach a concentration of 0.5 kg/m³.\n\nThe mass transfer rate is the rate at which salt is being added to the tank, which is 0.5 kg/hr."
}