{
    "role_1": "Physicist_RoleType.ASSISTANT",
    "topic;": "Fluid mechanics",
    "sub_topic": "Fluid statics and pressure measurement",
    "message_1": "A rectangular tank is filled with water to a depth of 1.5 meters. Find the pressure on the bottom of the tank if the area of the bottom is 2.5 square meters. (Assume atmospheric pressure to be 101.3 kPa.)",
    "message_2": "To find the pressure on the bottom of the tank, we need to consider both the pressure due to the water column and the atmospheric pressure. \n\nFirst, let's find the pressure due to the water column. We can use the formula:\n\nP_water = ρ * g * h\n\nwhere P_water is the pressure due to the water column, ρ is the density of water (approximately 1000 kg/m³), g is the acceleration due to gravity (approximately 9.81 m/s²), and h is the depth of the water (1.5 meters).\n\nP_water = 1000 kg/m³ * 9.81 m/s² * 1.5 m\nP_water = 14715 Pa\n\nNow, let's add the atmospheric pressure to find the total pressure on the bottom of the tank:\n\nP_total = P_water + P_atmosphere\nP_total = 14715 Pa + 101300 Pa\nP_total = 116015 Pa\n\nSo, the pressure on the bottom of the tank is 116015 Pa (Pascals)."
}