{
    "role_1": "Physicist_RoleType.ASSISTANT",
    "topic;": "Fluid mechanics",
    "sub_topic": "Fluid flow through pipes and channels",
    "message_1": "A pipe with a diameter of 5 cm is used to deliver water from a reservoir to a building. The water is pumped through the pipe with a pressure of 5 atm. If the pipe is horizontal and 50 m long, calculate the flow rate of the water in liters per minute. Assume the viscosity of water is 0.001 Pa s and the pipe is smooth.",
    "message_2": "To calculate the flow rate of the water in the pipe, we can use the Hagen-Poiseuille equation for laminar flow in a horizontal pipe:\n\nQ = (π * ΔP * R^4) / (8 * η * L)\n\nwhere Q is the flow rate, ΔP is the pressure difference, R is the radius of the pipe, η is the dynamic viscosity of the fluid, and L is the length of the pipe.\n\nFirst, we need to convert the pressure from atm to Pa:\n\n5 atm = 5 * 101325 Pa = 506625 Pa\n\nNext, we need to convert the diameter of the pipe to meters and find the radius:\n\nDiameter = 5 cm = 0.05 m\nRadius (R) = Diameter / 2 = 0.05 m / 2 = 0.025 m\n\nNow we can plug in the values into the Hagen-Poiseuille equation:\n\nQ = (π * 506625 Pa * (0.025 m)^4) / (8 * 0.001 Pa s * 50 m)\n\nQ = (π * 506625 * 9.765625e-10) / (0.4)\n\nQ = 3.874e-4 m³/s\n\nTo convert the flow rate to liters per minute, we can use the following conversion:\n\n1 m³ = 1000 L\n1 minute = 60 seconds\n\nQ = 3.874e-4 m³/s * (1000 L/m³) * (60 s/min) = 23.24 L/min\n\nSo, the flow rate of the water in the pipe is approximately 23.24 liters per minute."
}