{
    "role_1": "Physicist_RoleType.ASSISTANT",
    "topic;": "Fluid mechanics",
    "sub_topic": "Navier-Stokes equations and their solutions",
    "message_1": "A 2 cm diameter pipe is used to carry water at a flow rate of 0.1 L/s. If the water has a viscosity of 0.001 Pa.s, calculate the pressure drop along the length of the pipe (assume steady, laminar flow and neglect any losses). Use the Navier-Stokes equations to obtain the solution.",
    "message_2": "To solve this problem, we will use the Hagen-Poiseuille equation, which is derived from the Navier-Stokes equations for steady, laminar flow in a pipe. The Hagen-Poiseuille equation relates the pressure drop (ΔP) along the length (L) of a pipe to the flow rate (Q), the pipe diameter (D), and the fluid viscosity (μ). The equation is given by:\n\nΔP = (8 * μ * Q * L) / (π * (D^4) / 128)\n\nFirst, we need to convert the given flow rate from L/s to m³/s:\n\n0.1 L/s = 0.1 * (10^(-3)) m³/s = 1 * 10^(-4) m³/s\n\nNow, we can plug in the given values into the Hagen-Poiseuille equation. However, we need the length (L) of the pipe to calculate the pressure drop. Since the length is not given, we will express the pressure drop per unit length of the pipe:\n\nΔP/L = (8 * μ * Q) / (π * (D^4) / 128)\n\nPlugging in the given values:\n\nΔP/L = (8 * 0.001 Pa.s * 1 * 10^(-4) m³/s) / (π * ((0.02 m)^4) / 128)\n\nΔP/L = (8 * 10^(-7) Pa.m³/s) / (π * (1.6 * 10^(-11) m^4) / 128)\n\nΔP/L = (8 * 10^(-7) Pa.m³/s) / (π * 2 * 10^(-13) m^4)\n\nΔP/L ≈ (8 * 10^(-7) Pa.m³/s) / (6.283 * 10^(-13) m^4)\n\nΔP/L ≈ 1.27 * 10^6 Pa/m\n\nSo, the pressure drop along the length of the pipe is approximately 1.27 * 10^6 Pa/m. This means that for every meter of pipe length, the pressure drop is about 1.27 * 10^6 Pa."
}