{
    "role_1": "Physicist_RoleType.ASSISTANT",
    "topic;": "Fluid mechanics",
    "sub_topic": "Drag force and lift force",
    "message_1": "\"A car with a cross-sectional area of 2.0 m² is traveling at a speed of 120 km/h against an air resistance of 500 N. Determine the drag force on the car and the power required to maintain this speed. Also, calculate the lift force acting on the car if the coefficient of lift is 0.5 and the air flows over the top and bottom surfaces of the car's roof and hood, respectively.\"",
    "message_2": "First, let's determine the drag force on the car. We are given the air resistance (R) as 500 N and the cross-sectional area (A) as 2.0 m². The drag force (Fd) can be calculated using the formula:\n\nFd = R * A\n\nFd = 500 N * 2.0 m²\nFd = 1000 N\n\nNow, let's calculate the power required to maintain the speed of 120 km/h. We can use the formula:\n\nPower (P) = Fd * v\n\nwhere v is the speed of the car. First, we need to convert the speed from km/h to m/s:\n\n120 km/h * (1000 m/km) * (1 h/3600 s) = 33.33 m/s\n\nNow, we can calculate the power:\n\nP = 1000 N * 33.33 m/s\nP = 33330 W or 33.33 kW\n\nNext, let's calculate the lift force acting on the car. We are given the coefficient of lift (Cl) as 0.5. The lift force (Fl) can be calculated using the formula:\n\nFl = 0.5 * Cl * A * ρ * v²\n\nwhere ρ is the air density, which is approximately 1.225 kg/m³ at sea level and standard temperature. \n\nFl = 0.5 * 0.5 * 2.0 m² * 1.225 kg/m³ * (33.33 m/s)²\nFl = 0.25 * 2.0 m² * 1.225 kg/m³ * 1111.11 m²/s²\nFl = 680.55 N\n\nSo, the drag force on the car is 1000 N, the power required to maintain the speed is 33.33 kW, and the lift force acting on the car is 680.55 N."
}