{
    "role_1": "Physicist_RoleType.ASSISTANT",
    "topic;": "Fluid mechanics",
    "sub_topic": "Viscosity and laminar flow",
    "message_1": "A fluid flows through a pipe of radius R with a laminar flow. The fluid has a dynamic viscosity of 0.002 Pa·s and a density of 800 kg/m³. The pipe has a length of 2 meters and is inclined at an angle of 30 degrees to the horizontal. Calculate the pressure drop experienced by the fluid per meter length of the pipe.",
    "message_2": "To calculate the pressure drop experienced by the fluid per meter length of the pipe, we can use the Hagen-Poiseuille equation for laminar flow in a pipe:\n\nΔP/L = (8 * μ * Q) / (π * R^4)\n\nwhere ΔP is the pressure drop, L is the length of the pipe, μ is the dynamic viscosity of the fluid, Q is the volumetric flow rate, and R is the radius of the pipe.\n\nHowever, we first need to determine the volumetric flow rate (Q) of the fluid. To do this, we can use the formula for the flow rate in a pipe inclined at an angle (θ) to the horizontal:\n\nQ = (ρ * g * sin(θ) * π * R^4) / (8 * μ * L)\n\nwhere ρ is the density of the fluid, g is the acceleration due to gravity (approximately 9.81 m/s²), and θ is the angle of inclination.\n\nPlugging in the given values:\n\nQ = (800 kg/m³ * 9.81 m/s² * sin(30°) * π * R^4) / (8 * 0.002 Pa·s * 2 m)\n\nNow we can substitute this expression for Q back into the Hagen-Poiseuille equation:\n\nΔP/L = (8 * 0.002 Pa·s * [(800 kg/m³ * 9.81 m/s² * sin(30°) * π * R^4) / (8 * 0.002 Pa·s * 2 m)]) / (π * R^4)\n\nSimplifying the equation, we get:\n\nΔP/L = (800 kg/m³ * 9.81 m/s² * sin(30°)) / 2 m\n\nNow, we can plug in the values and calculate the pressure drop per meter length of the pipe:\n\nΔP/L = (800 kg/m³ * 9.81 m/s² * sin(30°)) / 2\nΔP/L = (800 * 9.81 * 0.5) / 2\nΔP/L = 3924 Pa/m\n\nTherefore, the pressure drop experienced by the fluid per meter length of the pipe is 3924 Pa/m."
}