{
    "role_1": "Physicist_RoleType.ASSISTANT",
    "topic;": "Solid state physics",
    "sub_topic": "Calculation of thermal conductivity in a solid material",
    "message_1": "Calculate the thermal conductivity of a copper wire that is 2 meters long, has a radius of 0.5 millimeters, and a temperature difference of 50 degrees Celsius across its ends. The wire is made of pure copper with a density of 8.96 grams per cubic centimeter and specific heat capacity of 0.385 joules per gram Kelvin.",
    "message_2": "To calculate the thermal conductivity of the copper wire, we need to use the formula for the rate of heat transfer through a cylindrical conductor:\n\nQ/t = k * A * ΔT / L\n\nwhere Q/t is the rate of heat transfer, k is the thermal conductivity, A is the cross-sectional area of the wire, ΔT is the temperature difference, and L is the length of the wire.\n\nWe are given the temperature difference (ΔT = 50°C), the length of the wire (L = 2 m), and the radius of the wire (r = 0.5 mm = 0.0005 m). We can calculate the cross-sectional area of the wire using the formula for the area of a circle:\n\nA = π * r^2\nA = π * (0.0005 m)^2\nA ≈ 7.854e-7 m^2\n\nNow we can rearrange the formula for the rate of heat transfer to solve for the thermal conductivity (k):\n\nk = (Q/t) * L / (A * ΔT)\n\nHowever, we don't have the rate of heat transfer (Q/t) given in the problem. The density and specific heat capacity of copper provided in the problem are not directly related to the thermal conductivity, so we cannot use them to calculate the thermal conductivity in this case.\n\nTo find the thermal conductivity of copper, we can look up the value in a reference table or use a known value. The thermal conductivity of pure copper is approximately 398 W/m·K.\n\nTherefore, the thermal conductivity of the copper wire is approximately 398 W/m·K."
}