{
    "role_1": "Physicist_RoleType.ASSISTANT",
    "topic;": "Solid state physics",
    "sub_topic": "Calculation of thermal conductivity in a solid material",
    "message_1": "What is the thermal conductivity of a silicon crystal at a temperature of 300 K and with a crystal lattice spacing of 0.543 nm? Assume that the phonon mean free path is 100 nm and that the specific heat capacity is 0.71 J/g K. Use the formula for thermal conductivity in a solid material given by: \n\nk = (1/3) * Cp * v * l\n\nwhere k is the thermal conductivity, Cp is the specific heat capacity, v is the average velocity of phonons, and l is the phonon mean free path.",
    "message_2": "To calculate the thermal conductivity of the silicon crystal, we need to determine the average velocity of phonons (v). We can use the Debye model to estimate the phonon velocity. The Debye frequency (ωD) can be calculated using the following formula:\n\nωD = (6π²n)^(1/3) * vs\n\nwhere n is the number of atoms per unit volume, and vs is the average speed of sound in the material. For silicon, the average speed of sound is approximately 9,000 m/s.\n\nFirst, we need to find the number of atoms per unit volume (n). Silicon has a face-centered cubic (FCC) crystal structure. The number of atoms in an FCC unit cell is 4. The volume of the unit cell can be calculated as:\n\nV = a³\n\nwhere a is the lattice constant (0.543 nm). Converting the lattice constant to meters:\n\na = 0.543 * 10^(-9) m\n\nV = (0.543 * 10^(-9) m)³ = 1.606 * 10^(-28) m³\n\nNow, we can find the number of atoms per unit volume:\n\nn = 4 atoms / (1.606 * 10^(-28) m³) = 2.49 * 10^(28) atoms/m³\n\nNext, we can calculate the Debye frequency:\n\nωD = (6π² * 2.49 * 10^(28))^(1/3) * 9,000 m/s ≈ 4.42 * 10^(13) s^(-1)\n\nThe average velocity of phonons (v) can be estimated as:\n\nv = ωD * a / (2π) ≈ (4.42 * 10^(13) s^(-1)) * (0.543 * 10^(-9) m) / (2π) ≈ 3.82 * 10^4 m/s\n\nNow we have all the values needed to calculate the thermal conductivity (k):\n\nk = (1/3) * Cp * v * l\n\nFirst, we need to convert the specific heat capacity (Cp) to J/(kg K) using the molar mass of silicon (28.085 g/mol):\n\nCp = 0.71 J/(g K) * (1 mol / 28.085 g) * (28.085 * 10^3 g / kg) = 710 J/(kg K)\n\nNow, we can calculate the thermal conductivity:\n\nk = (1/3) * 710 J/(kg K) * 3.82 * 10^4 m/s * 100 * 10^(-9) m ≈ 71.7 W/(m K)\n\nSo, the thermal conductivity of the silicon crystal at 300 K with a lattice spacing of 0.543 nm is approximately 71.7 W/(m K)."
}