{
    "role_1": "Physicist_RoleType.ASSISTANT",
    "topic;": "Solid state physics",
    "sub_topic": "Calculation of the magnetic susceptibility of a material",
    "message_1": "Calculate the magnetic susceptibility of a material with a magnetic moment of 3.2 Bohr magnetons and a density of 2.8 g/cm³ at a temperature of 300 K. Assume that the material behaves as a paramagnet and its magnetic moment arises solely from the electrons' spin.",
    "message_2": "To calculate the magnetic susceptibility (χ) of a paramagnetic material, we can use the Curie-Weiss law:\n\nχ = (C / T),\n\nwhere C is the Curie constant and T is the temperature in Kelvin.\n\nThe Curie constant (C) is given by:\n\nC = (N * μ₀ * μ²) / (3 * k_B),\n\nwhere N is the number of magnetic moments per unit volume, μ₀ is the vacuum permeability (4π × 10^(-7) T m/A), μ is the magnetic moment in J/T (Joules per Tesla), and k_B is the Boltzmann constant (1.38 × 10^(-23) J/K).\n\nFirst, we need to find the number of magnetic moments per unit volume (N). We can do this by dividing the number of magnetic moments by the volume of the material. Since we are given the density (ρ) and the magnetic moment in Bohr magnetons, we can find N as follows:\n\nN = (ρ * N_A * μ_B) / (M * μ),\n\nwhere ρ is the density (2.8 g/cm³), N_A is Avogadro's number (6.022 × 10^(23) mol^(-1)), μ_B is the Bohr magneton (9.274 × 10^(-24) J/T), M is the molar mass of the material, and μ is the magnetic moment in Bohr magnetons (3.2).\n\nWe are not given the molar mass (M) of the material, so we cannot directly calculate N. However, we can express the Curie constant (C) in terms of the density (ρ) and the magnetic moment (μ):\n\nC = (ρ * N_A * μ₀ * μ_B²) / (3 * k_B * M).\n\nNow, we can calculate the magnetic susceptibility (χ) using the Curie-Weiss law:\n\nχ = (C / T) = ((ρ * N_A * μ₀ * μ_B²) / (3 * k_B * M)) / T.\n\nPlugging in the given values, we get:\n\nχ = ((2.8 g/cm³ * 6.022 × 10^(23) mol^(-1) * 4π × 10^(-7) T m/A * (9.274 × 10^(-24) J/T)²) / (3 * 1.38 × 10^(-23) J/K * M)) / 300 K.\n\nUnfortunately, without the molar mass (M) of the material, we cannot calculate the exact value of the magnetic susceptibility (χ). However, we have derived the formula for χ in terms of the given parameters and the molar mass. If the molar mass is provided, the magnetic susceptibility can be easily calculated using this formula."
}