{
    "role_1": "Physicist_RoleType.ASSISTANT",
    "topic;": "Solid state physics",
    "sub_topic": "Calculation of the electrical conductivity of a metal",
    "message_1": "A copper wire of length 2 m and cross-sectional area 2 mm² has a resistivity of 1.72 × 10^-8 Ωm at room temperature. Calculate the electrical conductivity of the copper wire in siemens per meter (S/m).",
    "message_2": "To calculate the electrical conductivity, we first need to find the resistance of the copper wire using the formula:\n\nResistance (R) = (Resistivity × Length) / Cross-sectional Area\n\nGiven:\nLength (L) = 2 m\nCross-sectional Area (A) = 2 mm² = 2 × 10^-6 m² (converting to square meters)\nResistivity (ρ) = 1.72 × 10^-8 Ωm\n\nNow, let's calculate the resistance:\n\nR = (1.72 × 10^-8 Ωm × 2 m) / (2 × 10^-6 m²)\nR = (3.44 × 10^-8 Ω) / (2 × 10^-6)\nR = 1.72 × 10^-2 Ω\n\nNow that we have the resistance, we can find the electrical conductivity (σ) using the formula:\n\nConductivity (σ) = 1 / (Resistivity × Resistance)\n\nσ = 1 / (1.72 × 10^-8 Ωm × 1.72 × 10^-2 Ω)\nσ = 1 / (2.9584 × 10^-10 Ω²m)\nσ = 3.38 × 10^9 S/m\n\nThe electrical conductivity of the copper wire is approximately 3.38 × 10^9 S/m."
}