{
    "role_1": "Physicist_RoleType.ASSISTANT",
    "topic;": "Solid state physics",
    "sub_topic": "Study of the Hall effect in a semiconductor material",
    "message_1": "A semiconductor material with a conductivity of 5x10^-3 S/m is subjected to a magnetic field of 0.2 T. Calculate the Hall coefficient if the carrier density is 2x10^20 m^-3.",
    "message_2": "The Hall coefficient (R_H) is a property of a material that relates the Hall voltage, current, magnetic field, and thickness of the material. It can be calculated using the formula:\n\nR_H = 1 / (q * n)\n\nwhere q is the charge of the carrier (for electrons, q = -e = -1.6 x 10^-19 C) and n is the carrier density (given as 2 x 10^20 m^-3).\n\nFirst, let's find the value of R_H:\n\nR_H = 1 / (-1.6 x 10^-19 C * 2 x 10^20 m^-3)\nR_H = 1 / (-3.2 x 10^1 C/m^3)\nR_H ≈ -3.125 x 10^-2 m^3/C\n\nNow that we have the Hall coefficient, we can use the formula for the Hall voltage (V_H):\n\nV_H = R_H * I * B / d\n\nwhere I is the current, B is the magnetic field (given as 0.2 T), and d is the thickness of the material. However, we don't have enough information to calculate the Hall voltage, as the current (I) and the thickness (d) of the material are not provided.\n\nNonetheless, we have successfully calculated the Hall coefficient for the given semiconductor material:\n\nR_H ≈ -3.125 x 10^-2 m^3/C"
}