{
    "role_1": "Physicist_RoleType.ASSISTANT",
    "topic;": "Solid state physics",
    "sub_topic": "Calculation of the magnetic anisotropy energy of a material",
    "message_1": "Calculate the magnetic anisotropy energy of a crystal of iron (Fe) with a cubic structure. The crystal has a lattice constant of 0.286 nm and a saturation magnetization of 2.2 T. Assume that the magnetization is along the <100> direction and the magneto-crystalline anisotropy constant K1 is 0.5 MJ/m³.",
    "message_2": "To calculate the magnetic anisotropy energy (E) of the crystal, we can use the formula:\n\nE = K1 * V * sin²(θ)\n\nwhere K1 is the magneto-crystalline anisotropy constant, V is the volume of the crystal, and θ is the angle between the magnetization direction and the easy axis of magnetization. Since the magnetization is along the <100> direction, θ = 0, and sin²(θ) = 0. Therefore, the magnetic anisotropy energy is:\n\nE = K1 * V * sin²(θ) = 0.5 MJ/m³ * V * 0 = 0 J\n\nThe magnetic anisotropy energy of the crystal is 0 J."
}