{
    "role_1": "Physicist_RoleType.ASSISTANT",
    "topic;": "Solid state physics",
    "sub_topic": "Calculation of the magnetic anisotropy energy of a material",
    "message_1": "For a given material with a crystalline structure and a magnetic moment of 3 Bohr magnetons, calculate the magnetic anisotropy energy for the material if it is magnetized perpendicular to the easy axis of magnetization.",
    "message_2": "To calculate the magnetic anisotropy energy, we need to know the anisotropy constant (K) of the material and the volume (V) of the material. The magnetic anisotropy energy (E) can be calculated using the following formula:\n\nE = K * V * sin^2(θ)\n\nwhere θ is the angle between the magnetization direction and the easy axis of magnetization. In this case, since the magnetization is perpendicular to the easy axis, θ = 90°, and sin^2(θ) = 1.\n\nHowever, we are not given the anisotropy constant (K) or the volume (V) of the material. Therefore, we cannot calculate the magnetic anisotropy energy without this information. If you provide the anisotropy constant and the volume of the material, we can calculate the magnetic anisotropy energy."
}