{
    "role_1": "Physicist_RoleType.ASSISTANT",
    "topic;": "Plasma physics",
    "sub_topic": "Plasma thrusters for space propulsion",
    "message_1": "A plasma thruster used for space propulsion has an operating voltage of 500V and a current of 2A. If the efficiency of the thruster is 70%, what is the force produced by the thruster assuming a mass flow rate of 10 mg/s?",
    "message_2": "To find the force produced by the plasma thruster, we first need to calculate the power input and the effective power output.\n\n1. Calculate the power input:\nPower input (P_in) = Voltage (V) × Current (I)\nP_in = 500V × 2A\nP_in = 1000 W\n\n2. Calculate the effective power output:\nEffective power output (P_out) = Efficiency × Power input\nP_out = 0.7 × 1000 W\nP_out = 700 W\n\n3. Calculate the exhaust velocity:\nThe effective power output can be expressed as the kinetic energy of the exhaust per unit time:\nP_out = 0.5 × mass flow rate × exhaust velocity^2\n\nWe are given the mass flow rate as 10 mg/s, which is equal to 0.01 g/s or 0.00001 kg/s. Let's denote the exhaust velocity as v.\n\n700 W = 0.5 × 0.00001 kg/s × v^2\n\nSolving for v, we get:\n\nv^2 = (700 W) / (0.5 × 0.00001 kg/s)\nv^2 = 140000000 m^2/s^2\nv = sqrt(140000000 m^2/s^2)\nv ≈ 11832 m/s\n\n4. Calculate the force produced by the thruster:\nForce (F) = mass flow rate × exhaust velocity\nF = 0.00001 kg/s × 11832 m/s\nF ≈ 0.11832 N\n\nThe force produced by the plasma thruster is approximately 0.11832 N."
}