{
    "role_1": "Physicist_RoleType.ASSISTANT",
    "topic;": "Astrophysics",
    "sub_topic": "Cosmic ray propagation and acceleration",
    "message_1": "What is the maximum energy that cosmic rays can attain in the process of diffusive shock acceleration within supernova remnants, given the shock speed and magnetic field strength?",
    "message_2": "The maximum energy of cosmic rays accelerated by diffusive shock acceleration in supernova remnants can be estimated using the Hillas criterion. The Hillas criterion states that the gyroradius of a charged particle should be smaller than the size of the acceleration region for efficient acceleration to occur. \n\nThe gyroradius (r_g) of a charged particle can be calculated using the following formula:\n\nr_g = (E / (ZeB))\n\nwhere E is the energy of the particle, Z is the charge number of the particle, e is the elementary charge (1.6 x 10^-19 C), and B is the magnetic field strength.\n\nThe size of the acceleration region (L) can be estimated as:\n\nL ≈ (u_shock * t)\n\nwhere u_shock is the shock speed and t is the time scale of the acceleration process. For supernova remnants, the time scale can be approximated as the age of the supernova remnant.\n\nTo estimate the maximum energy of cosmic rays, we can equate the gyroradius to the size of the acceleration region:\n\nE_max / (ZeB) ≈ u_shock * t\n\nE_max ≈ ZeB * u_shock * t\n\nGiven the shock speed (u_shock) and magnetic field strength (B), you can estimate the maximum energy (E_max) of cosmic rays accelerated by diffusive shock acceleration within supernova remnants. Note that this is a simplified estimation, and more detailed models may be needed for accurate predictions."
}