{
    "role_1": "Physicist_RoleType.ASSISTANT",
    "topic;": "Cosmology",
    "sub_topic": "The origin and evolution of the universe",
    "message_1": "\"What is the evidence supporting the Big Bang Theory as the most plausible explanation for the origin and evolution of the universe?\"",
    "message_2": "There are several key pieces of evidence that support the Big Bang Theory as the most plausible explanation for the origin and evolution of the universe:\n\n1. Cosmic Microwave Background Radiation (CMBR): In 1964, Arno Penzias and Robert Wilson discovered the CMBR, which is a faint glow of radiation that fills the entire universe. This radiation is the remnant heat from the Big Bang, and its uniform distribution supports the idea that the universe began as a hot, dense state and has been expanding and cooling ever since.\n\n2. Redshift and Hubble's Law: In the 1920s, astronomer Edwin Hubble observed that galaxies are moving away from us, and the farther away a galaxy is, the faster it is moving. This observation, known as Hubble's Law, suggests that the universe is expanding. The redshift of light from distant galaxies is a result of this expansion, as the wavelength of light is stretched as space expands. This supports the idea that the universe began as a single point and has been expanding ever since the Big Bang.\n\n3. Abundance of Light Elements: The Big Bang Theory predicts that the early universe was extremely hot and dense, allowing for the formation of light elements such as hydrogen, helium, and lithium through nuclear reactions. Observations of the relative abundance of these elements in the universe match the predictions made by the Big Bang Theory, providing further evidence for this model.\n\n4. Large-Scale Structure of the Universe: The distribution of galaxies and galaxy clusters in the universe is consistent with the predictions of the Big Bang Theory. Observations of the large-scale structure of the universe show that matter is distributed in a way that is consistent with the initial conditions of the universe as described by the Big Bang Theory.\n\n5. Cosmic Inflation: The theory of cosmic inflation, which was proposed by Alan Guth in the 1980s, suggests that the universe underwent a rapid expansion in the first fractions of a second after the Big Bang. This theory helps to explain the uniformity of the CMBR and the large-scale structure of the universe. Observations of the CMBR have provided evidence for cosmic inflation, further supporting the Big Bang Theory.\n\nIn summary, the evidence supporting the Big Bang Theory as the most plausible explanation for the origin and evolution of the universe includes the Cosmic Microwave Background Radiation, redshift and Hubble's Law, the abundance of light elements, the large-scale structure of the universe, and cosmic inflation. These observations and discoveries provide a strong foundation for our understanding of the universe's beginnings and its ongoing expansion."
}