{
    "role_1": "Physicist_RoleType.ASSISTANT",
    "topic;": "Cosmology",
    "sub_topic": "The nature of dark matter and dark energy in the universe",
    "message_1": "What is the current scientific understanding of the nature of dark matter and dark energy, and how do these mysterious components of the universe contribute to its overall structure and evolution? Specifically, how are dark matter and dark energy related, and what evidence have scientists gathered to support their existence? Additionally, what ongoing research is being conducted to better understand and potentially detect these elusive components of the universe?",
    "message_2": "Dark matter and dark energy are two mysterious components of the universe that have a significant impact on its overall structure and evolution. They are distinct phenomena, but both are essential for understanding the behavior of the cosmos.\n\nDark Matter:\nDark matter is a form of matter that does not interact with electromagnetic radiation, making it invisible to telescopes and other instruments that rely on light. It is estimated to make up about 27% of the total mass-energy content of the universe. Although it cannot be directly observed, its presence is inferred through its gravitational effects on visible matter, such as the motion of galaxies and the distribution of cosmic microwave background radiation.\n\nEvidence for dark matter comes from several observations, including:\n\n1. Galaxy rotation curves: The observed rotation speeds of stars in galaxies do not match the predictions based on the visible mass of the galaxy. The presence of dark matter provides the additional mass needed to explain these discrepancies.\n2. Gravitational lensing: The bending of light from distant objects due to the gravitational influence of massive objects in the foreground can be used to map the distribution of mass, including dark matter, in the universe.\n3. Cosmic microwave background (CMB) radiation: The distribution of temperature fluctuations in the CMB provides evidence for the existence of dark matter and its role in the formation of large-scale structures in the universe.\n\nDark Energy:\nDark energy is a hypothetical form of energy that permeates all of space and is responsible for the observed accelerated expansion of the universe. It is estimated to make up about 68% of the total mass-energy content of the universe. The exact nature of dark energy is still unknown, but it is often described as a cosmological constant or a form of vacuum energy.\n\nEvidence for dark energy comes primarily from the observation of distant supernovae, which show that the expansion of the universe is accelerating. This acceleration cannot be explained by the presence of dark matter alone, leading to the hypothesis of dark energy as a driving force.\n\nOngoing Research:\nThere are several ongoing research projects and experiments aimed at better understanding and potentially detecting dark matter and dark energy. Some of these include:\n\n1. Large Hadron Collider (LHC): The LHC at CERN is searching for evidence of dark matter particles through high-energy particle collisions.\n2. Direct detection experiments: Experiments like the XENON and LUX projects aim to directly detect dark matter particles by observing their interactions with ordinary matter in highly sensitive detectors.\n3. Dark Energy Survey (DES): The DES is an astronomical survey that uses a wide-field camera to map the distribution of dark matter and study the effects of dark energy on the expansion of the universe.\n4. Euclid space mission: The European Space Agency's Euclid mission, set to launch in 2022, aims to map the distribution of dark matter and study the effects of dark energy on the universe's expansion by observing billions of galaxies.\n\nIn summary, dark matter and dark energy are distinct but crucial components of the universe that play significant roles in its structure and evolution. While their exact nature remains elusive, ongoing research and experiments continue to provide valuable insights into these mysterious phenomena."
}