{
    "role_1": "Physicist_RoleType.ASSISTANT",
    "topic;": "Superconductivity",
    "sub_topic": "Understanding the role of superconductivity in superfluidity",
    "message_1": "\"How does superconductivity contribute to the phenomenon of superfluidity and what are some of the key factors that determine its role in this process?\"",
    "message_2": "Superconductivity and superfluidity are two distinct quantum phenomena that share some similarities. Both involve the emergence of macroscopic quantum behavior in certain materials or systems under specific conditions, usually at very low temperatures. However, they manifest in different ways and involve different physical properties.\n\nSuperconductivity is a phenomenon observed in certain materials, typically metals and metal alloys, where the electrical resistance drops to zero below a critical temperature (Tc). This allows for the unimpeded flow of electric current without any energy loss due to resistance. The underlying mechanism for superconductivity is the formation of Cooper pairs, which are pairs of electrons that form a bound state due to an attractive interaction mediated by lattice vibrations (phonons).\n\nSuperfluidity, on the other hand, is a phenomenon observed in certain fluids, most notably liquid helium (He-4 and He-3 isotopes), where the fluid flows without any viscosity or resistance to flow below a critical temperature (Tλ for He-4 and Tc for He-3). This allows for the superfluid to flow through narrow channels and even climb up the walls of a container due to its zero viscosity. The underlying mechanism for superfluidity is the formation of a Bose-Einstein condensate (BEC) for He-4, where a large fraction of the atoms occupy the lowest energy state, and the formation of a BCS-like state for He-3, where pairs of fermions (He-3 atoms) form a bound state.\n\nSuperconductivity and superfluidity are related in the sense that both phenomena involve the emergence of a macroscopic quantum state that leads to the loss of dissipation (electrical resistance in superconductors and viscosity in superfluids). However, superconductivity does not directly contribute to superfluidity, as they are separate phenomena occurring in different types of materials and systems.\n\nSome key factors that determine the role of superconductivity in the process of superfluidity include:\n\n1. Material properties: The type of material and its electronic or atomic structure play a crucial role in determining whether it can exhibit superconductivity or superfluidity. For example, metals and metal alloys can exhibit superconductivity, while liquid helium exhibits superfluidity.\n\n2. Temperature: Both superconductivity and superfluidity are temperature-dependent phenomena. The critical temperature for each material or system is a key factor in determining whether it will exhibit superconductivity or superfluidity.\n\n3. Pressure: In some cases, the application of pressure can induce or enhance superconductivity or superfluidity in certain materials or systems.\n\n4. Interactions: The nature of the interactions between the particles in the material or system, such as electron-phonon interactions in superconductors or atom-atom interactions in superfluids, plays a crucial role in determining the emergence of superconductivity or superfluidity.\n\nIn summary, while superconductivity and superfluidity are related quantum phenomena that involve the emergence of macroscopic quantum behavior, they are distinct processes that occur in different materials and systems. Superconductivity does not directly contribute to superfluidity, but both phenomena share some similarities and are determined by key factors such as material properties, temperature, pressure, and interactions."
}