{
    "role_1": "Physicist_RoleType.ASSISTANT",
    "topic;": "Condensed matter physics",
    "sub_topic": "Study of mesoscopic physics and quantum transport",
    "message_1": "What is the conductance of a mesoscopic wire with a length of 100 nm and a diameter of 10 nm, assuming it has a ballistic behavior due to the absence of impurities, and the electrons move freely without scattering?",
    "message_2": "To calculate the conductance of a mesoscopic wire with ballistic behavior, we can use the Landauer formula:\n\nConductance (G) = (2 * e^2 / h) * M\n\nwhere e is the elementary charge (1.6 x 10^-19 C), h is the Planck's constant (6.626 x 10^-34 Js), and M is the number of modes (channels) for electron transport.\n\nTo find the number of modes, we need to calculate the Fermi wavelength (λF) and then determine how many of these wavelengths can fit in the cross-sectional area of the wire.\n\nThe Fermi wavelength can be calculated using the formula:\n\nλF = h / (2 * m * EF)^0.5\n\nwhere m is the effective mass of an electron (approximately 9.11 x 10^-31 kg) and EF is the Fermi energy. For simplicity, we can assume a typical Fermi energy value for metals, which is around 5 eV (5 * 1.6 x 10^-19 J).\n\nλF = (6.626 x 10^-34) / (2 * 9.11 x 10^-31 * 5 * 1.6 x 10^-19)^0.5 ≈ 1.2 x 10^-9 m\n\nNow, we can calculate the number of modes by dividing the cross-sectional area of the wire by the area occupied by one Fermi wavelength:\n\nM = (π * (5 x 10^-9)^2) / (0.5 * λF^2) ≈ 17.3\n\nSince the number of modes must be an integer, we round down to 17.\n\nNow we can calculate the conductance using the Landauer formula:\n\nG = (2 * (1.6 x 10^-19)^2 / (6.626 x 10^-34)) * 17 ≈ 8.3 x 10^-5 S\n\nSo, the conductance of the mesoscopic wire is approximately 8.3 x 10^-5 S (Siemens)."
}