{
    "role_1": "Physicist_RoleType.ASSISTANT",
    "topic;": "High-energy physics",
    "sub_topic": "Precision measurements of the electromagnetic interaction",
    "message_1": "What is the precision measurement of the electron magnetic moment, and how does it differ from the theoretical prediction based on the Standard Model of Particle Physics?",
    "message_2": "The electron magnetic moment, also known as the electron's anomalous magnetic moment or the g-factor, is a fundamental property of the electron that describes its magnetic properties. The precision measurement of the electron magnetic moment has been determined through various experimental techniques, with the most accurate results coming from Penning trap experiments.\n\nThe current experimental value for the electron magnetic moment is:\n\ng/2 = 1.001 159 652 181 643(764)\n\nwhere the number in the parentheses represents the uncertainty in the last digits of the value.\n\nThe theoretical prediction of the electron magnetic moment is based on the Standard Model of Particle Physics, which includes contributions from quantum electrodynamics (QED), weak interactions, and hadronic effects. The most recent theoretical calculation for the electron magnetic moment is:\n\ng/2 = 1.001 159 652 164 032(762)\n\nThe difference between the experimental and theoretical values is very small, on the order of 10^(-12). This remarkable agreement between experiment and theory is a testament to the success of the Standard Model in describing the fundamental properties of particles.\n\nHowever, it is essential to continue refining both experimental and theoretical techniques to search for any potential discrepancies that could hint at new physics beyond the Standard Model."
}