{
    "role_1": "Physicist_RoleType.ASSISTANT",
    "topic;": "Quantum field theory",
    "sub_topic": "Calculation of effective field theories in quantum field theory.",
    "message_1": "How can one calculate the effective field theories in quantum field theory, particularly for the case of a Yang-Mills theory coupled to fermions, when integrating out high-energy degrees of freedom? Provide a detailed derivation of the effective action and discuss its physical interpretation.",
    "message_2": "To calculate the effective field theories in quantum field theory, particularly for the case of a Yang-Mills theory coupled to fermions, we need to integrate out high-energy degrees of freedom. This process is called \"integrating out\" because we are effectively removing the high-energy modes from the theory and obtaining an effective low-energy description. The result is an effective action that describes the low-energy physics of the system.\n\nLet's consider a Yang-Mills theory coupled to fermions. The action for this system can be written as:\n\nS = SYM + Sf,\n\nwhere SYM is the Yang-Mills action and Sf is the fermionic action. The Yang-Mills action is given by:\n\nSYM = -1/4 ∫d^4x F^a_{μν} F^{aμν},\n\nwhere F^a_{μν} is the field strength tensor for the gauge field A^a_μ, and the indices a, μ, and ν run over the gauge group and spacetime dimensions, respectively.\n\nThe fermionic action is given by:\n\nSf = ∫d^4x ψ̄(iγ^μD_μ - m)ψ,\n\nwhere ψ is the fermionic field, γ^μ are the Dirac matrices, D_μ is the covariant derivative, and m is the fermion mass.\n\nTo integrate out the high-energy degrees of freedom, we first need to split the fields into low-energy and high-energy components. We can do this by introducing a momentum cutoff Λ and decomposing the fields as:\n\nA^a_μ = A^a_μ(low) + A^a_μ(high),\nψ = ψ(low) + ψ(high).\n\nThe low-energy fields have momenta less than Λ, while the high-energy fields have momenta greater than Λ. We then substitute these decompositions into the action and integrate out the high-energy fields. This can be done using functional integration techniques, such as the background field method or the Wilsonian renormalization group approach.\n\nAfter integrating out the high-energy fields, we obtain an effective action that depends only on the low-energy fields:\n\nS_eff = S_eff[A^a_μ(low), ψ(low)].\n\nThis effective action contains all the relevant low-energy physics of the system. It will generally include both the original Yang-Mills and fermionic terms, as well as additional terms that arise from the integration of the high-energy fields. These new terms can be organized in a derivative expansion, with higher-derivative terms being suppressed by powers of the cutoff scale Λ.\n\nThe physical interpretation of the effective action is that it provides a description of the low-energy physics of the system that is valid up to corrections of order Λ. This is useful because it allows us to focus on the relevant degrees of freedom for low-energy processes, without having to consider the details of the high-energy physics. In particular, the effective action can be used to compute low-energy observables, such as scattering amplitudes and correlation functions, which are important for understanding the behavior of the system at long distances and low energies."
}