{
    "role_1": "Physicist_RoleType.ASSISTANT",
    "topic;": "String theory",
    "sub_topic": "The study of string theory in the presence of singularities and their implications for cosmology.",
    "message_1": "How does the study of string theory in the presence of singularities contribute to our understanding of the early universe and its evolution? In particular, what are the implications for cosmology and the structure of the universe?",
    "message_2": "The study of string theory in the presence of singularities has significant implications for our understanding of the early universe and its evolution, as well as for cosmology and the structure of the universe. String theory is a theoretical framework that attempts to reconcile the seemingly incompatible theories of general relativity (which describes gravity) and quantum mechanics (which describes the behavior of particles at very small scales). In string theory, the fundamental building blocks of the universe are not particles, but rather one-dimensional, vibrating strings.\n\nSingularities are points in spacetime where certain physical quantities, such as density or curvature, become infinite. In the context of the early universe, the most well-known singularity is the initial singularity, or the Big Bang, which is thought to be the starting point of the universe's expansion. The presence of singularities in the universe poses challenges for our understanding of the laws of physics, as the known laws break down under such extreme conditions.\n\nStudying string theory in the presence of singularities can help address these challenges and provide insights into the early universe and its evolution. Some of the implications for cosmology and the structure of the universe include:\n\n1. Resolving singularities: String theory has the potential to resolve singularities by replacing them with smooth, non-singular geometries. This is because strings have a finite size, which can effectively \"smear out\" the singularities and prevent the physical quantities from becoming infinite. This could lead to a more complete and consistent description of the early universe and its evolution.\n\n2. Inflation and the cosmic landscape: String theory can provide a natural framework for understanding cosmic inflation, a rapid expansion of the universe that is believed to have occurred shortly after the Big Bang. Inflation can explain several key features of the observed universe, such as its large-scale homogeneity and isotropy. String theory can also give rise to a vast \"cosmic landscape\" of different vacuum states, which could have important implications for the structure and evolution of the universe.\n\n3. Brane cosmology: In string theory, our universe can be thought of as a three-dimensional \"brane\" embedded in a higher-dimensional spacetime. This idea has led to the development of brane cosmology, which explores the implications of branes for the evolution and structure of the universe. For example, brane cosmology can provide alternative explanations for the observed acceleration of the universe's expansion, which is usually attributed to dark energy.\n\n4. Cosmic strings and other topological defects: String theory can give rise to cosmic strings, which are one-dimensional defects in spacetime that can have significant gravitational effects. The study of cosmic strings and other topological defects in the context of string theory can provide insights into the formation and evolution of large-scale structures in the universe, such as galaxies and galaxy clusters.\n\nIn summary, the study of string theory in the presence of singularities can contribute to our understanding of the early universe and its evolution by potentially resolving singularities, providing a framework for cosmic inflation, offering alternative explanations for observed phenomena like the universe's accelerated expansion, and shedding light on the formation of large-scale structures. These insights have important implications for cosmology and the structure of the universe as a whole."
}