{
    "role_1": "Physicist_RoleType.ASSISTANT",
    "topic;": "Dark matter",
    "sub_topic": "The possibility of dark matter being composed of primordial black holes",
    "message_1": "What is the estimated mass range for primordial black holes to make up all of the dark matter in the universe, and how could this be experimentally confirmed through observations of gravitational microlensing?",
    "message_2": "Primordial black holes (PBHs) are hypothetical black holes that could have formed in the early universe due to density fluctuations. If they exist, they could potentially account for some or all of the dark matter in the universe. The mass range for primordial black holes to make up all of the dark matter in the universe is still uncertain and spans several orders of magnitude, from as low as 10^-18 solar masses up to several tens of solar masses.\n\nGravitational microlensing is a powerful observational tool that can be used to detect and constrain the mass range of primordial black holes. Microlensing occurs when a massive object (like a black hole) passes between a distant star and an observer, causing the light from the star to be bent and magnified due to the gravitational field of the massive object. This results in a temporary brightening of the star's light, which can be detected and analyzed.\n\nTo experimentally confirm the presence of primordial black holes and their contribution to dark matter through gravitational microlensing, astronomers would need to perform large-scale surveys of the sky, monitoring millions of stars for microlensing events. By analyzing the frequency, duration, and characteristics of these events, they can infer the mass distribution of the lensing objects and determine if they are consistent with the expected properties of primordial black holes.\n\nSeveral microlensing surveys have been conducted, such as the MACHO, EROS, OGLE, and MOA projects, which have provided constraints on the mass range of primordial black holes. These surveys have ruled out PBHs with masses between 10^-7 and 10 solar masses as the dominant component of dark matter. However, there are still other mass ranges that remain unconstrained, and future surveys, such as the Large Synoptic Survey Telescope (LSST) and the Euclid mission, will provide further insights into the possible contribution of primordial black holes to dark matter.\n\nIn summary, the mass range for primordial black holes to make up all of the dark matter in the universe is still uncertain, but gravitational microlensing surveys can help constrain this range and potentially confirm the existence of primordial black holes."
}