{
    "role_1": "Physicist_RoleType.ASSISTANT",
    "topic;": "Biophysics",
    "sub_topic": "Modeling the dynamics of protein aggregation and misfolding.",
    "message_1": "One possible question for the student to solve could be:\n\nUsing computational simulations, analyze the dynamics of protein aggregation and misfolding for a particular protein and its variants under different conditions (e.g. temperature, pH, concentration) and propose a hypothesis on how these conditions affect the protein's structure and function.",
    "message_2": "To solve this problem, we can follow these steps:\n\n1. Choose a specific protein and its variants: For this example, let's consider the amyloid-beta (Aβ) protein, which is associated with Alzheimer's disease. We will analyze the wild-type Aβ and a few of its known variants.\n\n2. Obtain the protein structure: Retrieve the 3D structure of the protein and its variants from a protein database, such as the Protein Data Bank (PDB).\n\n3. Set up the computational simulations: Use molecular dynamics (MD) simulation software, such as GROMACS or NAMD, to set up the protein system. Define the simulation box, solvation, and add ions to neutralize the system.\n\n4. Define the conditions: Perform simulations under different conditions, such as varying temperature (e.g., 300K, 310K, and 320K), pH (e.g., 5, 7, and 9), and protein concentration (e.g., 1 μM, 10 μM, and 100 μM).\n\n5. Run the simulations: Execute the MD simulations for each condition and variant, allowing sufficient time for the protein to equilibrate and for the aggregation/misfolding process to occur.\n\n6. Analyze the results: Examine the trajectories of the simulations to identify the aggregation and misfolding events. Calculate relevant parameters, such as the root-mean-square deviation (RMSD), radius of gyration (Rg), and secondary structure content, to quantify the structural changes.\n\n7. Propose a hypothesis: Based on the analysis, propose a hypothesis on how the different conditions affect the protein's structure and function. For example, you might find that increased temperature leads to faster aggregation, while higher pH stabilizes the protein and reduces misfolding.\n\n8. Test the hypothesis: Perform additional simulations or experiments to test the hypothesis and refine it as needed.\n\n9. Draw conclusions: Summarize the findings and discuss their implications for understanding the protein's behavior under different conditions and potential therapeutic strategies to prevent or reverse aggregation and misfolding."
}