{
    "role_1": "Physicist_RoleType.ASSISTANT",
    "topic;": "Biophysics",
    "sub_topic": "Studying the dynamics of protein-protein interactions.",
    "message_1": "\"If a protein-protein interaction takes place in a system with a known diffusion coefficient and concentration, how can the rate constant for the association and dissociation reactions be calculated?\"",
    "message_2": "To calculate the rate constants for association (k_on) and dissociation (k_off) reactions in a protein-protein interaction system with a known diffusion coefficient (D) and concentration, you can use the Smoluchowski equation and the law of mass action.\n\n1. Smoluchowski equation:\nThe Smoluchowski equation is used to estimate the rate of diffusion-limited reactions. For protein-protein interactions, the association rate constant (k_on) can be estimated using the following equation:\n\nk_on = 4 * π * (D_A + D_B) * r\n\nwhere D_A and D_B are the diffusion coefficients of the two interacting proteins, and r is the sum of their radii.\n\n2. Law of mass action:\nThe law of mass action states that the rate of a reaction is proportional to the product of the concentrations of the reactants. For a protein-protein interaction, the dissociation rate constant (k_off) can be calculated using the equilibrium constant (K_D) and the association rate constant (k_on):\n\nk_off = k_on * K_D\n\nwhere K_D is the equilibrium dissociation constant, which can be determined experimentally or estimated from the concentration of the interacting proteins at equilibrium.\n\nTo calculate the rate constants for the association and dissociation reactions, you will need to know the diffusion coefficients of the interacting proteins, their radii, and the equilibrium dissociation constant. With this information, you can use the Smoluchowski equation to estimate the association rate constant and then use the law of mass action to calculate the dissociation rate constant."
}