{
    "role_1": "Physicist_RoleType.ASSISTANT",
    "topic;": "Biophysics",
    "sub_topic": "Modeling the dynamics of protein-protein aggregation in neurodegenerative diseases.",
    "message_1": "How can we use mathematical modeling and simulations to study the dynamics of protein-protein aggregation in neurodegenerative diseases such as Alzheimer's and Parkinson's diseases, and assess their impact on cellular functions and structures at different scales?",
    "message_2": "To study the dynamics of protein-protein aggregation in neurodegenerative diseases such as Alzheimer's and Parkinson's diseases, we can use mathematical modeling and simulations in the following ways:\n\n1. Develop a molecular model: Start by developing a molecular model of the proteins involved in the aggregation process. This can be done using known protein structures from databases such as Protein Data Bank (PDB) or by predicting the structure using computational methods like homology modeling or ab initio modeling.\n\n2. Define interactions: Define the interactions between the proteins, such as hydrogen bonding, hydrophobic interactions, and electrostatic interactions. These interactions can be described using mathematical equations or algorithms, which can be derived from experimental data or from computational methods like molecular dynamics simulations.\n\n3. Develop a kinetic model: Develop a kinetic model that describes the aggregation process, including the formation of oligomers, protofibrils, and fibrils. This model should include rate constants for the different steps in the aggregation process, which can be obtained from experimental data or estimated using computational methods.\n\n4. Implement the model in a simulation software: Implement the molecular and kinetic models in a simulation software, such as GROMACS, NAMD, or LAMMPS. These software packages allow for the simulation of protein-protein interactions and aggregation processes at the atomic level.\n\n5. Perform multiscale simulations: Perform multiscale simulations to study the impact of protein aggregation on cellular functions and structures at different scales. This can be done by integrating the molecular and kinetic models with models of cellular processes, such as signal transduction, gene expression, and metabolic pathways. Software packages like COPASI, VCell, or BioNetGen can be used for this purpose.\n\n6. Analyze the results: Analyze the simulation results to gain insights into the aggregation process and its impact on cellular functions and structures. This can include calculating the aggregation rate, determining the size distribution of aggregates, and assessing the impact of aggregation on cellular processes like signal transduction and gene expression.\n\n7. Validate the model: Validate the mathematical model and simulation results by comparing them with experimental data. This can include comparing the predicted aggregation rate and size distribution with experimental measurements, as well as assessing the impact of aggregation on cellular functions and structures using experimental techniques like fluorescence microscopy or electron microscopy.\n\n8. Refine the model: Based on the validation results, refine the mathematical model and simulation parameters to improve the accuracy and predictive power of the model. This can involve adjusting the rate constants, interaction parameters, or other model parameters to better match the experimental data.\n\n9. Use the model for hypothesis testing and drug discovery: Use the validated mathematical model and simulations to test hypotheses about the aggregation process and its impact on cellular functions and structures. This can also be used to identify potential drug targets and screen for compounds that can inhibit or reverse protein aggregation.\n\nBy following these steps, mathematical modeling and simulations can be used to study the dynamics of protein-protein aggregation in neurodegenerative diseases and assess their impact on cellular functions and structures at different scales."
}