{
    "role_1": "Physicist_RoleType.ASSISTANT",
    "topic;": "Biophysics",
    "sub_topic": "Modeling the dynamics of protein folding and unfolding.",
    "message_1": "How does the addition of osmolytes affect the folding kinetics of a specific protein, as modeled using molecular dynamics simulations?",
    "message_2": "The addition of osmolytes can significantly affect the folding kinetics of a specific protein, as modeled using molecular dynamics (MD) simulations. Osmolytes are small molecules that can stabilize or destabilize the native structure of proteins, thus influencing their folding and unfolding processes. They are classified into two categories: protecting osmolytes (also known as kosmotropes) that stabilize protein structures, and denaturing osmolytes (also known as chaotropes) that destabilize protein structures.\n\nMolecular dynamics simulations can provide insights into the folding kinetics of proteins in the presence of osmolytes by exploring the conformational space and calculating the free energy landscape. Here are some ways in which osmolytes can affect protein folding kinetics in MD simulations:\n\n1. Changes in protein stability: The presence of osmolytes can alter the stability of the protein's native and unfolded states. Protecting osmolytes generally stabilize the native state, leading to a decrease in the unfolding rate and an increase in the folding rate. In contrast, denaturing osmolytes destabilize the native state, resulting in an increase in the unfolding rate and a decrease in the folding rate.\n\n2. Changes in protein solvation: Osmolytes can affect the solvation of proteins by altering the properties of the solvent (usually water). Protecting osmolytes enhance the hydrogen bonding network of water, making it more difficult for the protein to unfold. Denaturing osmolytes disrupt the hydrogen bonding network, making it easier for the protein to unfold. These changes in solvation can be captured in MD simulations by monitoring the protein-solvent interactions and the solvent structure around the protein.\n\n3. Preferential binding and exclusion: Osmolytes can interact directly with the protein, either by binding to specific sites or by being preferentially excluded from the protein surface. Protecting osmolytes are typically excluded from the protein surface, leading to an increase in the protein's folding rate. Denaturing osmolytes can bind to the protein, destabilizing its native structure and promoting unfolding. MD simulations can be used to study these preferential binding and exclusion effects by analyzing the distribution of osmolytes around the protein and their interactions with specific residues.\n\n4. Changes in protein dynamics: The presence of osmolytes can also affect the dynamics of the protein, such as its internal motions and conformational fluctuations. MD simulations can provide information on these dynamic changes by calculating various properties, such as root-mean-square deviations (RMSD), root-mean-square fluctuations (RMSF), and correlation functions.\n\nIn summary, molecular dynamics simulations can be a valuable tool for investigating the effects of osmolytes on protein folding kinetics. By considering the changes in protein stability, solvation, preferential binding/exclusion, and protein dynamics, researchers can gain insights into the molecular mechanisms underlying the influence of osmolytes on protein folding and stability."
}